outline_id,glacier_id,latitude,longitude,area_km2
RGI60-06.00001,23606,64.8174,-23.7852,4.903
RGI60-06.00002,23607,64.7951,-23.7686,1.897
RGI60-06.00003,23608,64.7979,-23.8043,0.751
RGI60-06.00004,133891,64.8036,-23.821,0.067
RGI60-06.00005,23609,64.8046,-23.7993,0.978
RGI60-06.00006,23610,64.8003,-23.753,0.912
RGI60-06.00007,23611,64.8116,-23.7522,2.712
RGI60-06.00008,23612,65.4045,-18.542,2.166
RGI60-06.00009,23613,65.6388,-18.3031,0.448
RGI60-06.00010,23614,65.6495,-18.2939,1.0
RGI60-06.00011,133892,65.6563,-18.3097,0.258
RGI60-06.00012,133893,65.641,-18.3319,0.052
RGI60-06.00013,23615,65.6436,-18.3225,0.828
RGI60-06.00014,23616,65.6683,-18.9709,0.771
RGI60-06.00015,23617,65.6694,-19.0037,0.469
RGI60-06.00016,133894,65.6644,-18.3142,0.077
RGI60-06.00017,23618,65.6725,-18.9196,3.279
RGI60-06.00018,133895,65.6796,-18.6833,0.096
RGI60-06.00019,133896,65.6845,-18.7129,0.119
RGI60-06.00020,133897,65.6958,-18.7361,0.229
RGI60-06.00021,133898,65.6965,-18.7501,0.165
RGI60-06.00022,133899,65.4502,-18.5253,0.23
RGI60-06.00023,133900,65.8259,-18.4386,0.086
RGI60-06.00024,133901,65.6993,-18.7197,0.113
RGI60-06.00025,23619,65.6839,-18.8748,6.608
RGI60-06.00026,23620,65.6889,-18.8107,4.776
RGI60-06.00027,23621,65.6541,-18.8311,5.093
RGI60-06.00028,23622,65.6535,-18.8658,0.896
RGI60-06.00029,23623,65.6425,-18.7725,0.862
RGI60-06.00030,133902,65.693,-18.7833,0.062
RGI60-06.00031,133903,65.6972,-18.7775,0.364
RGI60-06.00032,133904,65.7021,-18.7876,0.146
RGI60-06.00033,133905,65.6385,-18.7411,0.277
RGI60-06.00034,133906,65.6382,-18.7699,0.279
RGI60-06.00035,133907,65.6392,-18.7999,0.167
RGI60-06.00036,23624,65.7055,-18.9181,1.167
RGI60-06.00037,133908,65.7154,-18.9989,0.128
RGI60-06.00038,133909,65.7156,-18.6996,0.101
RGI60-06.00039,133910,65.7174,-19.022,0.822
RGI60-06.00040,133911,65.7204,-18.9901,0.164
RGI60-06.00041,23625,65.7119,-18.9644,4.714
RGI60-06.00042,133912,65.7191,-18.6297,0.11
RGI60-06.00043,3080,65.7117,-18.6567,3.16
RGI60-06.00044,23626,65.7172,-18.568,0.87
RGI60-06.00045,133913,65.7174,-18.6064,0.15
RGI60-06.00046,23627,65.7239,-18.5984,0.929
RGI60-06.00047,133914,65.8278,-18.492,0.139
RGI60-06.00048,23628,65.8272,-18.5195,1.803
RGI60-06.00049,23629,65.8254,-18.4794,0.558
RGI60-06.00050,133915,65.4701,-18.5328,0.276
RGI60-06.00051,133916,65.7246,-18.5294,0.349
RGI60-06.00052,23630,65.7246,-18.5532,0.579
RGI60-06.00053,133917,65.7289,-18.6663,0.199
RGI60-06.00054,133918,65.731,-18.7643,0.143
RGI60-06.00055,23631,65.7311,-18.7931,0.768
RGI60-06.00056,133919,65.7372,-18.8129,0.158
RGI60-06.00057,23632,65.7333,-18.5384,0.524
RGI60-06.00058,23633,65.7423,-18.8399,0.642
RGI60-06.00059,133920,65.7403,-18.5704,0.354
RGI60-06.00060,133921,65.7455,-18.5902,0.387
RGI60-06.00061,23634,65.85,-18.9314,0.429
RGI60-06.00062,133922,65.8478,-18.9409,0.057
RGI60-06.00063,133923,65.7468,-18.5141,0.359
RGI60-06.00064,133924,65.4705,-18.5026,0.766
RGI60-06.00065,133925,65.7545,-18.5151,0.096
RGI60-06.00066,23635,65.7596,-18.8512,0.852
RGI60-06.00067,23636,65.7656,-18.5032,2.275
RGI60-06.00068,133926,65.7716,-18.7193,0.318
RGI60-06.00069,23637,65.7634,-18.7606,1.216
RGI60-06.00070,133927,65.7673,-18.8077,0.38
RGI60-06.00071,23638,65.7708,-18.7922,2.152
RGI60-06.00072,23639,65.7523,-18.8042,0.522
RGI60-06.00073,133928,65.7606,-18.7398,0.053
RGI60-06.00074,23640,65.7611,-18.8189,1.897
RGI60-06.00075,133929,65.775,-18.6993,0.263
RGI60-06.00076,133930,65.7743,-18.6866,0.19
RGI60-06.00077,133931,65.774,-18.6829,0.214
RGI60-06.00078,23641,65.7739,-18.5571,0.684
RGI60-06.00079,23642,65.778,-18.4698,0.461
RGI60-06.00080,133932,65.4892,-18.3718,0.302
RGI60-06.00081,23643,65.7777,-18.5239,0.827
RGI60-06.00082,133933,65.7782,-18.4996,0.395
RGI60-06.00083,133934,65.789,-18.9399,0.123
RGI60-06.00084,133935,65.4744,-18.4145,0.6
RGI60-06.00085,23644,65.4771,-18.43,0.577
RGI60-06.00086,133936,65.791,-18.9204,0.23
RGI60-06.00087,23645,65.7887,-18.5311,0.445
RGI60-06.00088,133937,65.7958,-18.8457,0.172
RGI60-06.00089,23646,65.7907,-18.8193,1.745
RGI60-06.00090,133938,65.7981,-18.7767,0.313
RGI60-06.00091,133939,65.796,-18.5407,0.122
RGI60-06.00092,133940,65.8086,-18.7128,0.295
RGI60-06.00093,133941,65.8084,-18.7353,0.377
RGI60-06.00094,23647,65.8066,-18.7611,1.202
RGI60-06.00095,133942,65.8395,-18.4984,0.084
RGI60-06.00096,23648,65.8445,-18.5104,0.752
RGI60-06.00097,133943,65.8389,-18.4925,0.167
RGI60-06.00098,23649,65.804,-18.5213,0.582
RGI60-06.00099,133944,65.7977,-18.857,0.195
RGI60-06.00100,23650,65.8034,-18.869,0.804
RGI60-06.00101,133945,65.806,-18.8891,0.253
RGI60-06.00102,23651,65.8116,-18.9033,0.587
RGI60-06.00103,133946,65.8189,-18.9169,0.194
RGI60-06.00104,23652,65.8395,-18.9696,1.532
RGI60-06.00105,23653,65.8511,-18.9872,0.732
RGI60-06.00106,23654,65.8523,-18.9691,0.882
RGI60-06.00107,23655,65.8577,-19.0423,0.473
RGI60-06.00108,133947,65.8564,-18.5008,0.137
RGI60-06.00109,23656,65.8542,-18.4895,0.572
RGI60-06.00110,133948,65.865,-18.4618,1.072
RGI60-06.00111,133949,65.4305,-18.9197,0.044
RGI60-06.00112,23657,65.8726,-18.9651,0.73
RGI60-06.00113,23658,65.8742,-18.9484,0.718
RGI60-06.00114,133950,65.8935,-18.8599,0.117
RGI60-06.00115,133951,65.8932,-18.8067,0.277
RGI60-06.00116,133952,65.8933,-18.7368,0.417
RGI60-06.00117,133953,65.8947,-18.4847,0.249
RGI60-06.00118,133954,65.4827,-18.4619,0.962
RGI60-06.00119,133955,65.4884,-18.4889,1.612
RGI60-06.00120,133956,65.9022,-18.7596,0.165
RGI60-06.00121,23659,65.902,-18.8436,0.679
RGI60-06.00122,133957,65.8967,-18.8207,0.232
RGI60-06.00123,133958,65.9066,-18.7867,0.137
RGI60-06.00124,133959,65.906,-18.7827,0.069
RGI60-06.00125,133960,65.9075,-18.7733,0.078
RGI60-06.00126,133961,65.9119,-18.7662,0.157
RGI60-06.00127,133962,65.489,-18.4014,0.142
RGI60-06.00128,133963,65.9147,-18.6706,0.168
RGI60-06.00129,133964,65.9165,-18.7346,0.512
RGI60-06.00130,23660,65.9095,-17.7568,0.531
RGI60-06.00131,133965,65.9303,-17.7845,0.123
RGI60-06.00132,133966,65.9542,-17.9963,0.165
RGI60-06.00133,23661,65.9516,-17.7748,0.967
RGI60-06.00134,133967,65.9491,-17.76,0.233
RGI60-06.00135,133968,65.5026,-18.7727,0.222
RGI60-06.00136,133969,65.9571,-17.7482,0.123
RGI60-06.00137,23662,65.9763,-17.7597,2.165
RGI60-06.00138,133970,65.9758,-17.7333,0.29
RGI60-06.00139,133971,65.9895,-17.7351,0.117
RGI60-06.00140,23663,65.8159,-19.0109,1.13
RGI60-06.00141,23664,65.8222,-19.0311,0.759
RGI60-06.00142,133972,65.9969,-17.7419,0.229
RGI60-06.00143,133973,66.001,-17.7621,0.229
RGI60-06.00144,133974,66.0204,-18.1895,0.155
RGI60-06.00145,133975,66.0215,-18.1951,0.051
RGI60-06.00146,133976,66.0179,-17.7668,0.187
RGI60-06.00147,23665,66.0259,-18.2108,0.548
RGI60-06.00148,133977,66.0426,-18.5961,0.155
RGI60-06.00149,133978,66.0505,-18.1545,0.127
RGI60-06.00150,133979,65.5011,-18.5079,0.36
RGI60-06.00151,23666,66.0574,-18.2275,0.764
RGI60-06.00152,133980,66.0569,-18.2432,0.051
RGI60-06.00153,133981,66.065,-18.2323,0.08
RGI60-06.00154,133982,65.8225,-18.65,0.094
RGI60-06.00155,133983,66.0692,-17.9799,0.114
RGI60-06.00156,133984,66.0698,-17.9547,0.167
RGI60-06.00157,133985,66.0682,-17.9553,0.073
RGI60-06.00158,133986,66.077,-18.031,0.122
RGI60-06.00159,133987,66.0798,-18.2344,0.206
RGI60-06.00160,133988,66.0844,-18.25,0.219
RGI60-06.00161,133989,66.0924,-18.2535,0.144
RGI60-06.00162,133990,66.0921,-18.1597,0.131
RGI60-06.00163,133991,66.0964,-18.0211,0.125
RGI60-06.00164,133992,65.5149,-19.0738,0.094
RGI60-06.00165,23667,66.1008,-18.0041,0.458
RGI60-06.00166,133993,65.8266,-19.051,0.343
RGI60-06.00167,133994,66.1085,-18.0115,0.334
RGI60-06.00168,133995,65.5102,-18.522,0.272
RGI60-06.00169,133996,65.5148,-18.7311,0.485
RGI60-06.00170,133997,65.5172,-18.7466,0.158
RGI60-06.00171,133998,65.5266,-18.6444,0.139
RGI60-06.00172,133999,65.4311,-18.532,0.164
RGI60-06.00173,23668,65.5257,-18.6676,0.77
RGI60-06.00174,134000,65.5328,-18.9893,0.188
RGI60-06.00175,134001,65.5399,-18.999,0.275
RGI60-06.00176,134002,65.5324,-18.3213,0.191
RGI60-06.00177,23669,65.5358,-18.3409,0.926
RGI60-06.00178,134003,65.5309,-18.3536,0.065
RGI60-06.00179,134004,65.8172,-18.5001,0.132
RGI60-06.00180,134005,65.8198,-18.5002,0.163
RGI60-06.00181,134006,65.5491,-19.0103,0.109
RGI60-06.00182,134007,65.5432,-18.431,0.206
RGI60-06.00183,134008,65.5513,-18.4142,0.245
RGI60-06.00184,134009,65.5622,-19.0847,0.117
RGI60-06.00185,134010,65.5545,-18.3798,0.061
RGI60-06.00186,23670,65.5515,-18.3584,1.539
RGI60-06.00187,134011,65.4362,-18.5008,0.299
RGI60-06.00188,134012,65.5646,-18.8346,0.239
RGI60-06.00189,23671,65.5545,-18.2824,0.734
RGI60-06.00190,23672,65.5649,-19.1443,0.497
RGI60-06.00191,23673,65.8198,-18.7053,0.901
RGI60-06.00192,134013,65.8174,-18.7194,0.286
RGI60-06.00193,134014,65.5644,-19.1113,1.167
RGI60-06.00194,23674,65.5599,-18.4025,0.793
RGI60-06.00195,23675,65.5666,-18.2821,0.413
RGI60-06.00196,134015,65.5733,-18.8574,0.232
RGI60-06.00197,23676,65.5752,-18.8804,1.894
RGI60-06.00198,23677,65.579,-18.9081,2.095
RGI60-06.00199,23678,65.5822,-18.4123,0.533
RGI60-06.00200,134016,65.5477,-18.2358,0.217
RGI60-06.00201,23679,65.5515,-18.2514,0.539
RGI60-06.00202,23680,65.5701,-18.248,2.465
RGI60-06.00203,3059,65.5847,-18.3719,1.849
RGI60-06.00204,134017,65.5657,-18.3775,0.17
RGI60-06.00205,134018,65.5738,-18.3736,0.837
RGI60-06.00206,23681,65.4337,-18.5637,1.247
RGI60-06.00207,23682,65.5824,-19.0354,1.346
RGI60-06.00208,23683,65.5947,-19.0637,2.381
RGI60-06.00209,134019,65.5984,-18.3343,0.208
RGI60-06.00210,134020,65.8246,-18.7277,0.152
RGI60-06.00211,134021,65.6017,-18.7201,1.469
RGI60-06.00212,134022,65.6076,-18.755,0.442
RGI60-06.00213,23684,65.5992,-19.0968,0.667
RGI60-06.00214,23685,65.6051,-19.1064,0.937
RGI60-06.00215,23686,65.6136,-19.1278,0.999
RGI60-06.00216,134023,65.6115,-18.3434,0.28
RGI60-06.00217,134024,65.6105,-18.3511,0.112
RGI60-06.00218,134025,65.6243,-19.1399,0.09
RGI60-06.00219,134026,65.6319,-19.152,0.099
RGI60-06.00220,23687,65.6192,-18.8146,6.303
RGI60-06.00221,23688,65.6296,-18.8659,4.538
RGI60-06.00222,134027,65.6456,-18.2752,0.377
RGI60-06.00223,134028,65.445,-18.5078,0.148
RGI60-06.00224,23689,65.6616,-18.9317,0.578
RGI60-06.00225,23690,65.8225,-18.6789,0.655
RGI60-06.00226,134029,64.4244,-20.5371,0.113
RGI60-06.00227,134030,64.9547,-18.7089,0.147
RGI60-06.00228,23691,64.9127,-18.7659,26.951
RGI60-06.00229,134031,64.8964,-18.5107,8.371
RGI60-06.00230,23692,64.8783,-18.495,1.687
RGI60-06.00231,23693,64.8704,-18.515,1.681
RGI60-06.00232,23694,64.7091,-18.9286,101.432
RGI60-06.00233,23695,64.9129,-18.6489,77.307
RGI60-06.00234,3088,64.7989,-18.6422,264.536
RGI60-06.00235,23696,64.8167,-19.0484,103.558
RGI60-06.00236,3090,64.757,-19.0241,68.11
RGI60-06.00237,8286,64.7183,-18.78,77.758
RGI60-06.00238,3089,64.9014,-18.9072,157.818
RGI60-06.00239,134032,64.5468,-20.7865,0.135
RGI60-06.00240,23698,64.5336,-20.7471,6.625
RGI60-06.00241,23699,64.5542,-20.715,4.479
RGI60-06.00242,23700,64.5287,-20.6834,4.502
RGI60-06.00243,23701,64.5498,-20.6498,2.937
RGI60-06.00244,23702,64.5577,-20.688,2.791
RGI60-06.00245,23703,64.5489,-20.7415,2.702
RGI60-06.00246,23704,64.5356,-20.6544,2.024
RGI60-06.00247,23705,64.5588,-20.652,2.304
RGI60-06.00248,23706,64.5286,-20.7093,1.023
RGI60-06.00249,134033,64.5465,-20.6429,0.126
RGI60-06.00250,134034,64.6143,-20.9479,0.101
RGI60-06.00251,134035,64.6179,-20.9399,0.19
RGI60-06.00252,23707,64.6081,-20.8835,3.378
RGI60-06.00253,134036,64.6179,-19.2267,0.383
RGI60-06.00254,23708,64.6224,-19.2704,0.457
RGI60-06.00255,134037,64.6307,-19.2252,0.09
RGI60-06.00256,23709,64.5096,-19.8405,0.493
RGI60-06.00257,23710,64.6395,-19.2978,0.528
RGI60-06.00258,134038,64.6464,-19.3174,0.249
RGI60-06.00259,134039,64.6361,-19.3009,0.1
RGI60-06.00260,134040,64.6462,-19.2158,0.087
RGI60-06.00261,3103,64.6425,-19.1947,1.67
RGI60-06.00262,134041,64.6289,-19.2074,0.061
RGI60-06.00263,134042,64.6495,-19.2213,0.128
RGI60-06.00264,134043,64.6397,-19.2355,0.087
RGI60-06.00265,134044,64.6399,-19.2413,0.09
RGI60-06.00266,23711,64.649,-19.2337,0.892
RGI60-06.00267,134045,64.6339,-19.2015,0.251
RGI60-06.00268,134046,64.6875,-20.5441,0.362
RGI60-06.00269,23712,64.7083,-20.4326,0.431
RGI60-06.00270,23713,64.7441,-19.7466,3.668
RGI60-06.00271,23714,64.7449,-19.715,0.705
RGI60-06.00272,23715,64.7443,-19.7058,0.498
RGI60-06.00273,23716,64.7351,-19.7015,0.483
RGI60-06.00274,134047,64.7398,-19.7025,0.128
RGI60-06.00275,23717,64.7459,-19.726,1.263
RGI60-06.00276,134048,64.761,-20.3921,4.889
RGI60-06.00277,134049,64.7856,-20.4158,4.864
RGI60-06.00278,23718,64.7766,-20.3582,2.838
RGI60-06.00279,23719,64.7858,-20.4618,0.608
RGI60-06.00280,134050,64.7999,-20.3951,0.363
RGI60-06.00281,23720,64.7663,-20.3635,1.001
RGI60-06.00282,134051,64.7958,-20.3814,0.056
RGI60-06.00283,23721,64.7892,-20.3746,2.825
RGI60-06.00284,23722,64.7333,-17.9442,9.578
RGI60-06.00285,23723,64.7623,-17.8485,7.592
RGI60-06.00286,23724,64.7614,-17.9357,7.423
RGI60-06.00287,23725,64.7468,-17.9697,2.53
RGI60-06.00288,23726,64.7406,-17.8905,1.835
RGI60-06.00289,23727,64.7329,-17.9078,0.683
RGI60-06.00290,23728,64.7728,-17.8786,8.796
RGI60-06.00291,3082,64.571,-20.4355,126.529
RGI60-06.00292,134052,64.8212,-20.0285,28.043
RGI60-06.00293,3129,64.7202,-19.9104,18.666
RGI60-06.00294,6835,64.8487,-19.8123,18.11
RGI60-06.00295,23729,64.6893,-20.2684,7.89
RGI60-06.00296,23730,64.6922,-20.2299,6.595
RGI60-06.00297,3128,64.5904,-20.6177,1.415
RGI60-06.00298,23731,64.5899,-20.5737,0.992
RGI60-06.00299,134053,64.5903,-20.6348,0.298
RGI60-06.00300,134054,64.5913,-20.6492,0.179
RGI60-06.00301,6834,64.8719,-19.898,53.685
RGI60-06.00302,3094,64.7826,-19.9016,95.137
RGI60-06.00303,6845,64.7261,-20.1136,115.166
RGI60-06.00304,6839,64.5694,-20.096,22.918
RGI60-06.00305,6844,64.6719,-20.3716,77.882
RGI60-06.00306,6836,64.8316,-19.8551,9.449
RGI60-06.00307,23732,64.7004,-20.2535,2.927
RGI60-06.00308,23733,64.5889,-20.5972,2.371
RGI60-06.00309,3081,64.5711,-20.2417,131.173
RGI60-06.00310,134055,64.6423,-20.0311,157.045
RGI60-06.00311,6843,64.6369,-20.5288,41.287
RGI60-06.00312,134056,64.8955,-18.4715,0.179
RGI60-06.00313,23734,63.6125,-19.541,15.73
RGI60-06.00314,23735,63.6344,-19.4886,3.882
RGI60-06.00315,23736,63.6282,-19.7147,1.635
RGI60-06.00316,23737,63.5994,-19.5772,1.088
RGI60-06.00317,3079,63.6428,-19.6206,7.841
RGI60-06.00318,23739,63.6448,-19.5094,2.982
RGI60-06.00319,23740,63.6212,-19.6819,7.534
RGI60-06.00320,23741,63.6417,-19.7082,5.974
RGI60-06.00321,23742,63.6039,-19.6051,4.249
RGI60-06.00322,23743,63.6083,-19.6597,3.421
RGI60-06.00323,23744,63.6395,-19.5881,3.414
RGI60-06.00324,23745,63.6069,-19.6327,4.637
RGI60-06.00325,23746,63.6491,-19.6625,6.51
RGI60-06.00326,23747,63.6409,-19.5547,10.889
RGI60-06.00327,134057,63.9964,-19.6618,0.176
RGI60-06.00328,23748,63.606,-18.9759,145.022
RGI60-06.00329,23749,63.6135,-19.3353,18.064
RGI60-06.00330,23750,63.5615,-18.993,7.13
RGI60-06.00331,23751,63.6973,-19.3053,4.655
RGI60-06.00332,23752,63.6358,-19.4017,3.83
RGI60-06.00333,23753,63.6865,-19.2752,1.735
RGI60-06.00334,23754,63.6635,-19.308,1.622
RGI60-06.00335,23755,63.5557,-19.1377,2.98
RGI60-06.00336,23756,63.7409,-18.9994,111.562
RGI60-06.00337,23757,63.7057,-19.2843,2.736
RGI60-06.00338,23758,63.5687,-19.2382,1.757
RGI60-06.00339,23759,63.7168,-19.1906,106.223
RGI60-06.00340,134058,63.5996,-19.2353,55.095
RGI60-06.00341,23760,63.6754,-18.9861,43.199
RGI60-06.00342,23761,63.5698,-19.1744,22.132
RGI60-06.00343,23762,63.6459,-19.3082,18.071
RGI60-06.00344,23763,63.5638,-19.0469,12.414
RGI60-06.00345,23764,63.561,-19.0939,9.343
RGI60-06.00346,23765,63.6747,-19.2977,8.659
RGI60-06.00347,23766,63.6501,-18.946,20.386
RGI60-06.00348,134059,64.0039,-19.6416,0.115
RGI60-06.00349,23767,63.796,-19.5576,4.835
RGI60-06.00350,23768,63.7825,-19.5873,2.324
RGI60-06.00351,23769,63.8099,-19.598,1.04
RGI60-06.00352,23770,63.7995,-19.6061,1.217
RGI60-06.00353,134060,63.8039,-19.5996,0.094
RGI60-06.00354,23771,63.8146,-19.5606,1.015
RGI60-06.00355,23772,63.7815,-19.6103,0.553
RGI60-06.00356,23773,63.8151,-19.5741,0.621
RGI60-06.00357,134061,63.7863,-19.56,0.06
RGI60-06.00358,134062,63.7861,-19.5517,0.107
RGI60-06.00359,23774,63.7919,-19.6164,2.783
RGI60-06.00360,134063,63.8801,-19.1201,0.183
RGI60-06.00361,134064,63.8943,-19.1106,0.075
RGI60-06.00362,23775,63.8918,-19.1383,1.372
RGI60-06.00363,134065,63.8872,-19.1172,0.232
RGI60-06.00364,23776,63.8987,-19.1272,0.616
RGI60-06.00365,23777,63.9034,-19.0009,5.623
RGI60-06.00366,23778,63.8977,-18.9661,1.222
RGI60-06.00367,134066,63.8898,-18.9774,0.082
RGI60-06.00368,23779,63.8881,-18.9963,0.472
RGI60-06.00369,23780,63.8904,-19.0291,3.552
RGI60-06.00370,134067,63.9374,-18.9,0.102
RGI60-06.00371,134068,63.9428,-18.9505,0.093
RGI60-06.00372,134069,64.1719,-16.1036,0.394
RGI60-06.00373,134070,64.5061,-15.4149,0.189
RGI60-06.00374,134071,64.524,-15.3421,0.308
RGI60-06.00375,134072,64.5389,-15.2323,0.363
RGI60-06.00376,134073,64.5333,-15.2249,0.109
RGI60-06.00377,3067,64.5867,-16.2675,1428.724
RGI60-06.00378,23781,64.1951,-16.214,0.818
RGI60-06.00379,134074,64.4229,-15.6536,0.627
RGI60-06.00380,23782,64.6417,-16.6141,0.719
RGI60-06.00381,134075,64.3619,-15.7348,0.065
RGI60-06.00382,134076,64.2439,-15.9161,0.404
RGI60-06.00383,134077,64.2482,-15.8961,0.467
RGI60-06.00384,23783,64.2291,-16.1606,0.504
RGI60-06.00385,134078,64.3732,-15.8417,0.547
RGI60-06.00386,134079,64.1227,-16.9853,0.092
RGI60-06.00387,134080,64.3968,-17.3278,0.174
RGI60-06.00388,23784,64.5402,-15.339,0.651
RGI60-06.00389,23785,64.3657,-15.8913,0.455
RGI60-06.00390,134081,64.2383,-15.926,0.192
RGI60-06.00391,134082,64.2425,-15.927,0.142
RGI60-06.00392,134083,64.2209,-16.1432,0.451
RGI60-06.00393,134084,64.2471,-15.9547,0.354
RGI60-06.00394,134085,64.2508,-15.9559,0.254
RGI60-06.00395,134086,64.1808,-16.1261,0.297
RGI60-06.00396,134087,64.2601,-16.0165,0.272
RGI60-06.00397,134088,64.2593,-16.1622,0.252
RGI60-06.00398,134089,64.2435,-15.9402,0.179
RGI60-06.00399,134090,64.1224,-16.9654,0.241
RGI60-06.00400,134091,64.6476,-16.6055,0.133
RGI60-06.00401,134092,64.222,-16.1509,0.1
RGI60-06.00402,134093,64.1182,-17.0372,0.138
RGI60-06.00403,23786,64.3353,-15.9194,0.818
RGI60-06.00404,134094,64.1205,-16.9438,0.16
RGI60-06.00405,134095,64.1909,-16.214,0.062
RGI60-06.00406,23787,63.9944,-16.529,4.319
RGI60-06.00407,3072,64.0324,-16.5476,63.469
RGI60-06.00408,134096,64.6029,-15.3421,30.587
RGI60-06.00409,134097,64.6757,-16.6434,26.1
RGI60-06.00410,23788,64.6869,-17.4965,28.767
RGI60-06.00411,134098,64.6358,-15.3804,22.231
RGI60-06.00412,23789,64.4575,-15.7131,29.902
RGI60-06.00413,134099,64.6516,-15.4272,12.524
RGI60-06.00414,23790,64.5585,-15.3522,8.798
RGI60-06.00415,23791,64.6383,-17.6243,8.953
RGI60-06.00416,134100,64.282,-17.7021,757.308
RGI60-06.00417,134101,64.1791,-16.1297,0.096
RGI60-06.00418,23792,64.1853,-16.1531,7.056
RGI60-06.00419,134102,64.5812,-15.3107,0.118
RGI60-06.00420,134103,64.5835,-15.289,0.254
RGI60-06.00421,23793,64.5805,-15.3386,5.051
RGI60-06.00422,134104,64.6593,-15.4767,6.052
RGI60-06.00423,23794,63.9633,-16.601,5.543
RGI60-06.00424,3096,64.5628,-17.7174,319.463
RGI60-06.00425,3906,63.9697,-16.6955,7.119
RGI60-06.00426,134105,63.947,-16.632,0.069
RGI60-06.00427,23795,63.9565,-16.6244,4.916
RGI60-06.00428,23796,63.9583,-16.6837,4.499
RGI60-06.00429,23797,63.9597,-16.6533,6.146
RGI60-06.00430,23798,64.1871,-16.1831,3.438
RGI60-06.00431,134106,64.2804,-16.094,4.219
RGI60-06.00432,134107,64.2076,-16.0979,0.212
RGI60-06.00433,134108,64.2105,-16.1137,0.424
RGI60-06.00434,134109,64.2155,-16.1297,1.757
RGI60-06.00435,134110,64.3718,-15.8742,3.7
RGI60-06.00436,23799,63.9832,-16.5299,2.112
RGI60-06.00437,23800,64.1006,-16.8498,2.022
RGI60-06.00438,134111,64.4603,-15.6116,0.22
RGI60-06.00439,134112,64.6609,-15.5134,2.929
RGI60-06.00440,23801,64.6707,-16.699,2.505
RGI60-06.00441,23802,64.3759,-15.818,1.832
RGI60-06.00442,134113,64.4179,-15.6722,1.599
RGI60-06.00443,3126,64.3475,-17.927,271.069
RGI60-06.00444,23803,64.5135,-15.4527,1.761
RGI60-06.00445,23804,63.9905,-16.7362,16.734
RGI60-06.00446,134114,64.6802,-16.5896,2.04
RGI60-06.00447,23805,64.2685,-16.0451,1.807
RGI60-06.00448,23806,64.1957,-16.1304,1.74
RGI60-06.00449,134115,64.0426,-16.779,0.068
RGI60-06.00450,23807,64.0441,-16.7596,1.595
RGI60-06.00451,23808,64.2026,-16.1126,1.223
RGI60-06.00452,134116,64.3746,-15.7803,0.237
RGI60-06.00453,23809,63.9798,-16.7116,4.502
RGI60-06.00454,23810,64.6678,-16.5892,1.107
RGI60-06.00455,23811,64.2373,-16.17,1.034
RGI60-06.00456,23812,64.488,-17.83,0.684
RGI60-06.00457,23813,64.053,-16.7953,0.836
RGI60-06.00458,23814,64.1618,-16.1805,0.706
RGI60-06.00459,134117,64.166,-16.1714,0.057
RGI60-06.00460,23815,64.0479,-16.7766,0.983
RGI60-06.00461,23816,64.6316,-16.6322,0.809
RGI60-06.00462,23817,64.4201,-15.6908,0.871
RGI60-06.00463,134118,64.382,-15.793,0.101
RGI60-06.00464,134119,64.0224,-17.2794,0.176
RGI60-06.00465,3075,64.422,-15.8569,212.267
RGI60-06.00466,3953,64.5191,-15.656,240.05
RGI60-06.00467,23818,64.2517,-15.9802,0.569
RGI60-06.00468,134120,64.2758,-16.1302,9.924
RGI60-06.00469,134121,64.3623,-15.7735,0.787
RGI60-06.00470,10418,64.5482,-15.4183,38.496
RGI60-06.00471,3084,64.3468,-15.9305,93.266
RGI60-06.00472,3069,64.6284,-15.6083,129.639
RGI60-06.00473,134122,64.4551,-17.7859,181.416
RGI60-06.00474,3124,64.0267,-16.7414,32.229
RGI60-06.00475,134123,64.2977,-17.1417,1561.218
RGI60-06.00476,3098,63.9845,-16.5889,25.754
RGI60-06.00477,3068,64.6745,-17.0539,1060.639
RGI60-06.00478,3115,64.3037,-15.9847,137.057
RGI60-06.00479,3113,64.0963,-16.7823,90.482
RGI60-06.00480,134124,64.6659,-17.5391,10.496
RGI60-06.00481,3104,64.1303,-16.8613,30.442
RGI60-06.00482,23819,64.6539,-16.6008,1.276
RGI60-06.00483,8298,64.2666,-16.4767,1067.745
RGI60-06.00484,23820,64.4743,-15.3655,0.757
RGI60-06.00485,134125,64.4692,-15.3587,0.095
RGI60-06.00486,134126,64.4712,-15.35,0.082
RGI60-06.00487,23821,64.5213,-14.9446,2.693
RGI60-06.00488,134127,64.5119,-14.959,0.07
RGI60-06.00489,134128,64.5131,-14.9495,0.144
RGI60-06.00490,134129,64.5154,-14.9519,0.095
RGI60-06.00491,134130,64.5183,-14.9759,0.272
RGI60-06.00492,23822,64.5125,-14.972,0.47
RGI60-06.00493,134131,64.5163,-14.9746,0.054
RGI60-06.00494,134132,64.5158,-14.964,0.071
RGI60-06.00495,134133,65.1617,-13.9176,0.132
RGI60-06.00496,134134,65.4234,-13.946,0.114
RGI60-06.00497,23823,64.5824,-15.0034,0.587
RGI60-06.00498,23824,65.5046,-13.9541,0.45
RGI60-06.00499,134135,65.5131,-13.9386,0.386
RGI60-06.00500,134136,65.5204,-13.925,0.263
RGI60-06.00501,134137,65.5236,-13.943,0.097
RGI60-06.00502,134138,65.526,-13.9172,0.059
RGI60-06.00503,134139,65.5797,-14.7823,0.243
RGI60-06.00504,23825,64.5527,-15.0107,0.636
RGI60-06.00505,134140,64.5583,-14.9997,0.217
RGI60-06.00506,134141,64.5427,-14.9914,0.106
RGI60-06.00507,134142,64.5471,-14.993,0.321
RGI60-06.00508,134143,65.5886,-14.781,0.072
RGI60-06.00509,134144,65.6069,-14.77,0.173
RGI60-06.00510,23826,65.6194,-14.7687,0.519
RGI60-06.00511,134145,65.632,-14.7525,0.446
RGI60-06.00512,23827,64.6199,-15.0448,2.771
RGI60-06.00513,134146,64.7077,-14.9002,5.543
RGI60-06.00514,23828,64.6827,-14.9118,3.116
RGI60-06.00515,134147,64.7342,-14.6151,0.159
RGI60-06.00516,134148,64.8041,-15.581,0.825
RGI60-06.00517,23829,64.8096,-15.581,0.449
RGI60-06.00518,23830,64.7948,-15.5788,0.966
RGI60-06.00519,134149,64.8133,-15.557,0.249
RGI60-06.00520,23831,64.7943,-15.5542,0.406
RGI60-06.00521,23832,64.7979,-15.5447,0.482
RGI60-06.00522,23833,64.8044,-15.5568,0.437
RGI60-06.00523,23834,64.8079,-15.5414,0.707
RGI60-06.00524,134150,64.8953,-14.0733,0.09
RGI60-06.00525,134151,64.9161,-14.4749,0.193
RGI60-06.00526,134152,64.9267,-14.2761,0.066
RGI60-06.00527,134153,64.9292,-14.2772,0.139
RGI60-06.00528,134154,64.9016,-14.1066,0.33
RGI60-06.00529,134155,64.9496,-14.3707,0.207
RGI60-06.00530,23835,64.9661,-14.3539,0.514
RGI60-06.00531,134156,64.9682,-14.2722,0.091
RGI60-06.00532,134157,64.9832,-14.1054,0.236
RGI60-06.00533,134158,64.9884,-14.1311,0.117
RGI60-06.00534,134159,65.0382,-14.4286,0.212
RGI60-06.00535,134160,65.0777,-14.4298,0.282
RGI60-06.00536,134161,65.9185,-23.1398,0.21
RGI60-06.00537,134162,65.9195,-23.1219,0.138
RGI60-06.00538,134163,65.9437,-23.1778,0.056
RGI60-06.00539,134164,66.1414,-22.2454,41.863
RGI60-06.00540,134165,66.192,-22.2309,23.922
RGI60-06.00541,134166,66.0958,-22.1436,22.746
RGI60-06.00542,134167,66.2195,-22.2964,2.856
RGI60-06.00543,134168,66.2209,-22.3261,2.573
RGI60-06.00544,134169,66.1919,-22.3479,28.849
RGI60-06.00545,134170,66.1346,-22.1257,16.482
RGI60-06.00546,134171,66.3652,-22.4648,0.132
RGI60-06.00547,134172,66.2776,-22.3332,0.248
RGI60-06.00548,134173,64.7944,-23.7896,0.325
RGI60-06.00549,134174,66.0964,-22.0649,6.64
RGI60-06.00550,134175,65.9088,-18.767,0.137
RGI60-06.00551,134176,65.8811,-18.9507,0.236
RGI60-06.00552,134177,65.6411,-18.7454,0.224
RGI60-06.00553,23836,64.7044,-14.9332,5.616
RGI60-06.00554,23837,64.687,-14.8827,2.77
RGI60-06.00555,23838,64.614,-15.0576,2.198
RGI60-06.00556,23839,64.5137,-15.4282,0.478
RGI60-06.00557,134178,64.253,-15.9982,0.39
RGI60-06.00558,23840,64.2152,-16.203,12.974
RGI60-06.00559,134179,64.1099,-17.0576,0.314
RGI60-06.00560,134180,64.1058,-17.0734,0.126
RGI60-06.00561,23841,64.6533,-17.5971,6.227
RGI60-06.00562,134181,64.656,-17.5672,9.182
RGI60-06.00563,23842,64.6913,-16.6627,3.32
RGI60-06.00564,23843,63.8096,-19.58,0.771
RGI60-06.00565,134182,63.91,-18.9673,0.457
RGI60-06.00566,23844,64.5986,-20.643,2.824
RGI60-06.00567,134183,64.7336,-19.7185,0.34
RGI60-06.00568,134184,64.7684,-20.431,4.837
