Mountain Sector,Mountain Group,Glacier Name
MARITIME ALPS,Maritime Alps, Clapier Glacier
MARITIME ALPS,Maritime Alps, Peirabruna Glacier
MARITIME ALPS,Maritime Alps, Maledia/Pagari Glacier
MARITIME ALPS,Maritime Alps, Murajon Glacier
MARITIME ALPS,Maritime Alps, Eastern Gelas/Eastern Murajon Glacier
MARITIME ALPS,Maritime Alps, North-eastern Gelas/Lago Bianco Glacier
MARITIME ALPS,Maritime Alps, Northern Gelas/Siula Glacier
MARITIME ALPS,Maritime Alps, Western Gelas/Maura Glacier
MARITIME ALPS,Maritime Alps, Lourousa Glacier
MARITIME ALPS,Maritime Alps, Corborant Glacier
MARITIME ALPS,Maritime Alps, Tre Puncias/Schiantala Glacier
COTTIAN ALPS,Cottian Alps, Vallanta Glacier
COTTIAN ALPS,Cottian Alps, Caprera Glacier
COTTIAN ALPS,Cottian Alps, Viso Glacier
COTTIAN ALPS,Cottian Alps, Coolidge Glacier
COTTIAN ALPS,Cottian Alps, Fourneaux Glacier
COTTIAN ALPS,Cottian Alps, Vallonnette Glacier
COTTIAN ALPS,Cottian Alps, Galambra Glacier
COTTIAN ALPS,Cottian Alps, Agnello Glacier
COTTIAN ALPS,Cottian Alps, Muttet Glacier
COTTIAN ALPS,Cottian Alps, Bard Glacier
GRAIAN ALPS,Rocciamelone-Charbonnel Chain, Bertà Glacier
GRAIAN ALPS,Rocciamelone-Charbonnel Chain, Pera Ciaval Glacier
GRAIAN ALPS,Rocciamelone-Charbonnel Chain, Bessanese Glacier
GRAIAN ALPS,Rocciamelone-Charbonnel Chain, Pian Gias Glacier
GRAIAN ALPS,Rocciamelone-Charbonnel Chain, Cimarella Glacier
GRAIAN ALPS,Rocciamelone-Charbonnel Chain, Sea Glacier
GRAIAN ALPS,Rocciamelone-Charbonnel Chain, Molinet Glacier
GRAIAN ALPS,Rocciamelone-Charbonnel Chain, Martellot Glacier
GRAIAN ALPS,Rocciamelone-Charbonnel Chain, Levanna Glacier
GRAIAN ALPS,Rocciamelone-Charbonnel Chain, Forno Glacier
GRAIAN ALPS,Rocciamelone-Charbonnel Chain, Arpiat Glacier
GRAIAN ALPS,Rocciamelone-Charbonnel Chain, Nel Glacier
GRAIAN ALPS,Rocciamelone-Charbonnel Chain, Carro Glacier
GRAIAN ALPS,Rocciamelone-Charbonnel Chain, Losa Glacier
GRAIAN ALPS,Rocciamelone-Charbonnel Chain, Basei Glacier
GRAIAN ALPS,Gran Paradiso Chain, Porta Glacier
GRAIAN ALPS,Gran Paradiso Chain, Eastern Broglio Glacier
GRAIAN ALPS,Gran Paradiso Chain, Dietro il Lago Glacier
GRAIAN ALPS,Gran Paradiso Chain, Ciamosseretto Glacier
GRAIAN ALPS,Gran Paradiso Chain, Goni/Goi Glacier
GRAIAN ALPS,Gran Paradiso Chain, Noaschetta Glacier
GRAIAN ALPS,Gran Paradiso Chain, Gay Glacier
GRAIAN ALPS,Gran Paradiso Chain, Losa Glacier
GRAIAN ALPS,Gran Paradiso Chain, Becchio/Becchi Glacier
GRAIAN ALPS,Gran Paradiso Chain, Roccia Viva Glacier
GRAIAN ALPS,Gran Paradiso Chain, Teleccio Glacier
GRAIAN ALPS,Gran Paradiso Chain, Valsoéra Glacier
GRAIAN ALPS,Gran Paradiso Chain, Guri Glacier
GRAIAN ALPS,Gran Paradiso Chain, Ciardoney Glacier
GRAIAN ALPS,Gran Paradiso Chain, Southern Sengie Glacier
GRAIAN ALPS,Emilius-Tersiva Chain, Rosa dei Banchi Glacier
GRAIAN ALPS,Emilius-Tersiva Chain, M. Glacier Glacier
GRAIAN ALPS,Emilius-Tersiva Chain, Tessonet Glacier
GRAIAN ALPS,Emilius-Tersiva Chain, Laures Glacier
GRAIAN ALPS,Emilius-Tersiva Chain, Blancheti Glacier
GRAIAN ALPS,Emilius-Tersiva Chain, d'Arpisson Glacier
GRAIAN ALPS,Emilius-Tersiva Chain, Lussert Glacier
GRAIAN ALPS,Emilius-Tersiva Chain, Dorères/Southern Tessonet/Tersiva Glacier
GRAIAN ALPS,Emilius-Tersiva Chain, Pene Blanche Glacier
GRAIAN ALPS,Gran Paradiso Chain, Peradza/Peratzà Glacier
GRAIAN ALPS,Gran Paradiso Chain, Acquarossa (Eaux-Rouges) Glacier
GRAIAN ALPS,Gran Paradiso Chain, Northern Lavina Glacier
GRAIAN ALPS,Gran Paradiso Chain, Southern Lavina Glacier
GRAIAN ALPS,Gran Paradiso Chain, Bardoney Glacier
GRAIAN ALPS,Gran Paradiso Chain, Arolla Glacier
GRAIAN ALPS,Gran Paradiso Chain, Northern Sengie Glacier
GRAIAN ALPS,Gran Paradiso Chain, Valeille Glacier
GRAIAN ALPS,Gran Paradiso Chain, Tori Glacier
GRAIAN ALPS,Gran Paradiso Chain, Valletta Glacier
GRAIAN ALPS,Gran Paradiso Chain, Patri Glacier
GRAIAN ALPS,Gran Paradiso Chain, Pêne Blanche Glacier
GRAIAN ALPS,Gran Paradiso Chain, Coupé de Money Glacier
GRAIAN ALPS,Gran Paradiso Chain, Money Glacier
GRAIAN ALPS,Gran Paradiso Chain, Grand Croux Glacier
GRAIAN ALPS,Gran Paradiso Chain, Tribolazione Glacier
GRAIAN ALPS,Gran Paradiso Chain, Tzasset/Drassel Glacier
GRAIAN ALPS,Gran Paradiso Chain, Erbetet Glacier
GRAIAN ALPS,Gran Paradiso Chain, Grand Val Glacier
GRAIAN ALPS,Gran Paradiso Chain, Grand Sertz Glacier
GRAIAN ALPS,Gran Paradiso Chain, Lauson/Lauzon Glacier
GRAIAN ALPS,Gran Paradiso Chain, Tuf Glacier
GRAIAN ALPS,Gran Paradiso Chain, Rayes Noires Glacier
GRAIAN ALPS,Gran Paradiso Chain, Trajo/Eastern Grivola Glacier
GRAIAN ALPS,Gran Paradiso Chain, Grivoletta Glacier
GRAIAN ALPS,Gran Paradiso Chain, Nomenon Glacier
GRAIAN ALPS,Gran Paradiso Chain, Belleface Glacier
GRAIAN ALPS,Gran Paradiso Chain, Bocconère Glacier
GRAIAN ALPS,Gran Paradiso Chain, Peson/Western Grivola Glacier
GRAIAN ALPS,Gran Paradiso Chain, Inferno Glacier
GRAIAN ALPS,Gran Paradiso Chain, Timorion Glacier
GRAIAN ALPS,Gran Paradiso Chain, Gran Neiron Glacier
GRAIAN ALPS,Gran Paradiso Chain, Montandayné Glacier
GRAIAN ALPS,Gran Paradiso Chain, Lavacciù/Lavetiau/Loqueour Glacier
GRAIAN ALPS,Gran Paradiso Chain, Gran Paradiso Glacier
GRAIAN ALPS,Gran Paradiso Chain, Moncorvé Glacier
GRAIAN ALPS,Gran Paradiso Chain, Monciair Glacier
GRAIAN ALPS,Gran Paradiso Chain, Northern Broglio/Breuil Glacier
GRAIAN ALPS,Gran Paradiso Chain, Grand Etret Glacier
GRAIAN ALPS,Gran Paradiso Chain, Seiva Glacier
GRAIAN ALPS,Gran Paradiso Chain, Northern Punta Fourà Glacier
GRAIAN ALPS,Grande Sassière-Tsanteleina Chain, Anilié Glacier
GRAIAN ALPS,Grande Sassière-Tsanteleina Chain, Percia/Mayes Glacier
GRAIAN ALPS,Grande Sassière-Tsanteleina Chain, Entrelor Glacier
GRAIAN ALPS,Grande Sassière-Tsanteleina Chain, Vaudaletta Glacier
GRAIAN ALPS,Grande Sassière-Tsanteleina Chain, Vaudala Glacier
GRAIAN ALPS,Grande Sassière-Tsanteleina Chain, Lavassei Glacier
GRAIAN ALPS,Grande Sassière-Tsanteleina Chain, Fonte Glacier
GRAIAN ALPS,Grande Sassière-Tsanteleina Chain, Contelina/Tsantaleina Glacier
GRAIAN ALPS,Grande Sassière-Tsanteleina Chain, Soches Glacier
GRAIAN ALPS,Grande Sassière-Tsanteleina Chain, Goletta Glacier
GRAIAN ALPS,Grande Sassière-Tsanteleina Chain, Traversière Glacier
GRAIAN ALPS,Grande Sassière-Tsanteleina Chain, True Blanc Glacier
GRAIAN ALPS,Grande Sassière-Tsanteleina Chain, Fos Glacier
GRAIAN ALPS,Grande Sassière-Tsanteleina Chain, Pellaud (or Pelaud) Glacier
GRAIAN ALPS,Grande Sassière-Tsanteleina Chain, Torrent Glacier
GRAIAN ALPS,Grande Sassière-Tsanteleina Chain, Toss Glacier
GRAIAN ALPS,Grande Sassière-Tsanteleina Chain, Luette Glacier
GRAIAN ALPS,Grande Sassière-Tsanteleina Chain, Rabuigne Glacier
GRAIAN ALPS,Grande Sassière-Tsanteleina Chain, L'Epère Glacier
GRAIAN ALPS,Grande Sassière-Tsanteleina Chain, Mont Forchaz Glacier
GRAIAN ALPS,Grande Sassière-Tsanteleina Chain, Invergnan Glacier
GRAIAN ALPS,Grande Sassière-Tsanteleina Chain, Giasson/Gliasson/Dzasson Glacier
GRAIAN ALPS,Grande Sassière-Tsanteleina Chain, S. Martino Glacier
GRAIAN ALPS,Grande Sassière-Tsanteleina Chain, Bassac Glacier
GRAIAN ALPS,Grande Sassière-Tsanteleina Chain, Cuira Glacier
WESTERN RHAETIAN ALPS,Mont Blanc Massif, La Seigne Glacier
WESTERN RHAETIAN ALPS,Mont Blanc Massif, Estellette Glacier
WESTERN RHAETIAN ALPS,Mont Blanc Massif, Allée Blanche Glacier
WESTERN RHAETIAN ALPS,Mont Blanc Massif, Piccolo M. Bianco Glacier
WESTERN RHAETIAN ALPS,Mont Blanc Massif, Italian Bionnassay Glacier
WESTERN RHAETIAN ALPS,Mont Blanc Massif, Miage Glacier
WESTERN RHAETIAN ALPS,Mont Blanc Massif, Dôme Glacier
WESTERN RHAETIAN ALPS,Mont Blanc Massif, M. Bianco Glacier
WESTERN RHAETIAN ALPS,Mont Blanc Massif, Brouillard/Broglia Glacier
WESTERN RHAETIAN ALPS,Mont Blanc Massif, Châtelet Glacier
WESTERN RHAETIAN ALPS,Mont Blanc Massif, Freynay Glacier
WESTERN RHAETIAN ALPS,Mont Blanc Massif, Combalet Glacier
WESTERN RHAETIAN ALPS,Mont Blanc Massif, Brenva Glacier
WESTERN RHAETIAN ALPS,Mont Blanc Massif, Entrèves Glacier
WESTERN RHAETIAN ALPS,Mont Blanc Massif, Toula/Toules Glacier
WESTERN RHAETIAN ALPS,Mont Blanc Massif, Fréty/Mont Fréty Glacier
WESTERN RHAETIAN ALPS,Mont Blanc Massif, Rochefort Glacier
WESTERN RHAETIAN ALPS,Mont Blanc Massif, Planpansier/Planpincieux/Planpansière Glacier
WESTERN RHAETIAN ALPS,Mont Blanc Massif, Pra Sec Glacier
WESTERN RHAETIAN ALPS,Mont Blanc Massif, Tronchey Glacier
WESTERN RHAETIAN ALPS,Mont Blanc Massif, Evêque Glacier
WESTERN RHAETIAN ALPS,Mont Blanc Massif, Frébouze/Petites Jorasses/Frébuge Glacier
WESTERN RHAETIAN ALPS,Mont Blanc Massif, Feraché Glacier
WESTERN RHAETIAN ALPS,Mont Blanc Massif, Gruetta Glacier
WESTERN RHAETIAN ALPS,Mont Blanc Massif, Triolet Glacier
WESTERN RHAETIAN ALPS,Mont Blanc Massif, Pré de Bar/M. Dolent Glacier
PENNINE ALPS,Grand Combin Chain, Malatrà Glacier
PENNINE ALPS,Grand Combin Chain, Golliaz/Bosses Glacier
PENNINE ALPS,Grand Combin Chain, Lesache Glacier
PENNINE ALPS,Weisshorn-Matterhorn Chain, Molaires Glacier
PENNINE ALPS,Weisshorn-Matterhorn Chain, Luisettes Glacier
PENNINE ALPS,Weisshorn-Matterhorn Chain, By Glacier
PENNINE ALPS,Weisshorn-Matterhorn Chain, Morion/Faudery Glacier
PENNINE ALPS,Weisshorn-Matterhorn Chain, Clapier Glacier
PENNINE ALPS,Weisshorn-Matterhorn Chain, Arolettta Glacier
PENNINE ALPS,Weisshorn-Matterhorn Chain, Chardonney Glacier
PENNINE ALPS,Weisshorn-Matterhorn Chain, Sassa Glacier
PENNINE ALPS,Weisshorn-Matterhorn Chain, Southern Oren Glacier
PENNINE ALPS,Weisshorn-Matterhorn Chain, Northern Oren Glacier
PENNINE ALPS,Weisshorn-Matterhorn Chain, Collon Glacier
PENNINE ALPS,Weisshorn-Matterhorn Chain, Braoulé Glacier
PENNINE ALPS,Weisshorn-Matterhorn Chain, High Tsa de Tsan Glacier
PENNINE ALPS,Weisshorn-Matterhorn Chain, Low Tsa de Tsan Glacier
PENNINE ALPS,Weisshorn-Matterhorn Chain, Grandes Murailles Glacier
PENNINE ALPS,Weisshorn-Matterhorn Chain, Petites Murailles Glacier
PENNINE ALPS,Weisshorn-Matterhorn Chain, Bella Tsa (or Piccolo Bella Tsa) Glacier
PENNINE ALPS,Weisshorn-Matterhorn Chain, Solatset Fontanella Glacier
PENNINE ALPS,Weisshorn-Matterhorn Chain, Dome de Tsan Glacier
PENNINE ALPS,Weisshorn-Matterhorn Chain, Chavacour Glacier
PENNINE ALPS,Weisshorn-Matterhorn Chain, Livournea Glacier
PENNINE ALPS,Weisshorn-Matterhorn Chain, Luseney Glacier
PENNINE ALPS,Weisshorn-Matterhorn Chain, Colle di Luseney Glacier
PENNINE ALPS,Weisshorn-Matterhorn Chain, Cian Glacier
PENNINE ALPS,Weisshorn-Matterhorn Chain, Roisette Glacier
PENNINE ALPS,Weisshorn-Matterhorn Chain, Vofrède Glacier
PENNINE ALPS,Weisshorn-Matterhorn Chain, Chateau des Dames Glacier
PENNINE ALPS,Weisshorn-Matterhorn Chain, Forca Glacier
PENNINE ALPS,Weisshorn-Matterhorn Chain, Montabel Glacier
PENNINE ALPS,Weisshorn-Matterhorn Chain, Chérillon Glacier
PENNINE ALPS,Weisshorn-Matterhorn Chain, Leone Glacier
PENNINE ALPS,Weisshorn-Matterhorn Chain, Cervino Glacier
PENNINE ALPS,Weisshorn-Matterhorn Chain, Furka Glacier
PENNINE ALPS,Monte Rosa Massif, S. Teodulo Glacier
PENNINE ALPS,Monte Rosa Massif, Valtournanche/Plan Tendre Glacier
PENNINE ALPS,Monte Rosa Massif, Cermetta Glacier
PENNINE ALPS,Monte Rosa Massif, Roisette Glacier
PENNINE ALPS,Monte Rosa Massif, Small Tournalin Glacier
PENNINE ALPS,Monte Rosa Massif, Large Tournalin Glacier
PENNINE ALPS,Monte Rosa Massif, Ventina Glacier
PENNINE ALPS,Monte Rosa Massif, Large Vera Glacier
PENNINE ALPS,Monte Rosa Massif, Small Vera Glacier
PENNINE ALPS,Monte Rosa Massif, Castore Glacier
PENNINE ALPS,Monte Rosa Massif, Martelli Glacier
PENNINE ALPS,Monte Rosa Massif, Perazzi Glacier
PENNINE ALPS,Monte Rosa Massif, Saleron Glacier
PENNINE ALPS,Monte Rosa Massif, Becca di Vlou Glacier
PENNINE ALPS,Monte Rosa Massif, Rocca di Torché Glacier
PENNINE ALPS,Monte Rosa Massif, Klein Marienhorn Glacier
PENNINE ALPS,Monte Rosa Massif, Marienhorn M. Nery Glacier
PENNINE ALPS,Monte Rosa Massif, Rothhorn Glacier
PENNINE ALPS,Monte Rosa Massif, Felik Glacier
PENNINE ALPS,Monte Rosa Massif, Lys Glacier
PENNINE ALPS,Monte Rosa Massif, Hohes Licht Glacier
PENNINE ALPS,Monte Rosa Massif, Garstelet Glacier
PENNINE ALPS,Monte Rosa Massif, Indren Glacier
PENNINE ALPS,Monte Rosa Massif, Schkeerpie Glacier
PENNINE ALPS,Monte Rosa Massif, Netscho Glacier
PENNINE ALPS,Monte Rosa Massif, Pujo Glacier
PENNINE ALPS,Monte Rosa Massif, Otro Glacier
PENNINE ALPS,Monte Rosa Massif, Bors Glacier
PENNINE ALPS,Monte Rosa Massif, Piode Glacier
PENNINE ALPS,Monte Rosa Massif, Pisse Glacier
PENNINE ALPS,Monte Rosa Massif, Parrot Glacier
PENNINE ALPS,Monte Rosa Massif, Sesia Glacier
PENNINE ALPS,Monte Rosa Massif, Vigne Glacier
PENNINE ALPS,Monte Rosa Massif, Southern Loccie Glacier
PENNINE ALPS,Monte Rosa Massif, Flua Glacier
PENNINE ALPS,Monte Rosa Massif, Faller Glacier
PENNINE ALPS,Monte Rosa Massif, Eastern Loccie Glacier
PENNINE ALPS,Monte Rosa Massif, Pizzo Bianco Glacier
PENNINE ALPS,Monte Rosa Massif, Northern Loccie Glacier
PENNINE ALPS,Monte Rosa Massif, Eastern M. Rosa/Macugnaga Glacier
PENNINE ALPS,Monte Rosa Massif, Jägerbücken/Nordend Glacier
PENNINE ALPS,Monte Rosa Massif, Macugnaga Glacier
PENNINE ALPS,Monte Rosa Massif, Filar Glacier
PENNINE ALPS,Monte Rosa Massif, Weissthor Glacier
PENNINE ALPS,Monte Rosa Massif, Jazzi Glacier
PENNINE ALPS,Monte Rosa Massif, High Roffel Glacier
PENNINE ALPS,Monte Rosa Massif, Low Roffel Glacier
PENNINE ALPS,Monte Rosa Massif, Seewinen Glacier
PENNINE ALPS,Weissmies-Andolla Chain, Camposecco Glacier
PENNINE ALPS,Weissmies-Andolla Chain, Southern Andolla Glacier
PENNINE ALPS,Weissmies-Andolla Chain, Central Andolla Glacier
PENNINE ALPS,Weissmies-Andolla Chain, Northern Andolla Glacier
PENNINE ALPS,Weissmies-Andolla Chain, Gemein Alp Glacier
PENNINE ALPS,Weissmies-Andolla Chain, South-eastern Weissmies/South Gemein Alp Laquin East Glacier
PENNINE ALPS,Weissmies-Andolla Chain, Schienhorn Glacier
PENNINE ALPS,Weissmies-Andolla Chain, Thali Glacier
PENNINE ALPS,Weissmies-Andolla Chain, Laquin Glacier
PENNINE ALPS,Weissmies-Andolla Chain, Hohlentrift Glacier
PENNINE ALPS,Weissmies-Andolla Chain, Fletschorn Glacier
PENNINE ALPS,Weissmies-Andolla Chain, Sibelonfuh Glacier
PENNINE ALPS,Weissmies-Andolla Chain, Bodmer Glacier
PENNINE ALPS,Weissmies-Andolla Chain, Rossboden Glacier
PENNINE ALPS,Weissmies-Andolla Chain, Griesseren Glacier
LEPONTINE ALPS,Monte Leone-Blinnenhorn Chain, Alpien Glacier
LEPONTINE ALPS,Monte Leone-Blinnenhorn Chain, Aurona Glacier
LEPONTINE ALPS,Monte Leone-Blinnenhorn Chain, Rebbio Glacier
LEPONTINE ALPS,Monte Leone-Blinnenhorn Chain, Mottiscia Glacier
LEPONTINE ALPS,Monte Leone-Blinnenhorn Chain, Southern Helsenhorn Glacier
LEPONTINE ALPS,Monte Leone-Blinnenhorn Chain, Cervandone Glacier
LEPONTINE ALPS,Monte Leone-Blinnenhorn Chain, Rossa Glacier
LEPONTINE ALPS,Monte Basodino-Cristallina Chain, Arbola Glacier
LEPONTINE ALPS,Monte Basodino-Cristallina Chain, Clogstafel Glacier
LEPONTINE ALPS,Monte Basodino-Cristallina Chain, Forno Glacier
LEPONTINE ALPS,Monte Basodino-Cristallina Chain, Lebendun Glacier
LEPONTINE ALPS,Monte Basodino-Cristallina Chain, Ban Glacier
LEPONTINE ALPS,Monte Basodino-Cristallina Chain, Hohsand Glacier
LEPONTINE ALPS,Monte Basodino-Cristallina Chain, Siedel Glacier
LEPONTINE ALPS,Monte Basodino-Cristallina Chain, Western Basódino Glacier
LEPONTINE ALPS,Monte Basodino-Cristallina Chain, Antabbia Glacier
LEPONTINE ALPS,Monte Basodino-Cristallina Chain, Eastern Basodino/Zotto Glacier
LEPONTINE ALPS,Monte Basodino-Cristallina Chain, Eastern Kastel/Cavergno/Randinasco Glacier
LEPONTINE ALPS,Monte Basodino-Cristallina Chain, Cavagnoli Glacier
LEPONTINE ALPS,Adula Alps, Crozolina Glacier
LEPONTINE ALPS,Adula Alps, Carra Glacier
LEPONTINE ALPS,Adula Alps, Ruvino Glacier
LEPONTINE ALPS,Adula Alps, Cristallina/Val Torta Glacier
LEPONTINE ALPS,Adula Alps, Valleggia Glacier
LEPONTINE ALPS,Adula Alps, Pizzo Rotondo Glacier
LEPONTINE ALPS,Adula Alps, Pesciora Glacier
LEPONTINE ALPS,Adula Alps, Western Pizzo Prevot Glacier
LEPONTINE ALPS,Adula Alps, Camadra Glacier
LEPONTINE ALPS,Adula Alps, Western Gaglianera Glacier
LEPONTINE ALPS,Adula Alps, Cagioni Glacier
LEPONTINE ALPS,Adula Alps, Western Plattenberg Glacier
LEPONTINE ALPS,Adula Alps, Val Scaradra Glacier
LEPONTINE ALPS,Adula Alps, Fornei Glacier
LEPONTINE ALPS,Adula Alps, Casiletto Glacier
LEPONTINE ALPS,Adula Alps, Bresciana Glacier
LEPONTINE ALPS,Adula Alps, Cadabbi Glacier
LEPONTINE ALPS,Adula Alps, Giumella Glacier
LEPONTINE ALPS,Adula Alps, Northern Piotta Glacier
LEPONTINE ALPS,Adula Alps, Southern Piotta Glacier
LEPONTINE ALPS,Adula Alps, Parete Glacier
LEPONTINE ALPS,Adula Alps, Pizzo delle Streghe Glacier
LEPONTINE ALPS,Adula Alps, Pizzo del Termine Glacier
LEPONTINE ALPS,Adula Alps, Frecione/Stabbio Glacier
LEPONTINE ALPS,Adula Alps, Muccia Glacier
WESTERN RHAETIAN ALPS,Platta-Unterhalbstein Group, Western Quadro Glacier
WESTERN RHAETIAN ALPS,Platta-Unterhalbstein Group, Western Sevino Glacier
WESTERN RHAETIAN ALPS,Platta-Unterhalbstein Group, Eastern Sevino Glacier
WESTERN RHAETIAN ALPS,Platta-Unterhalbstein Group, Northern Quadro Glacier
WESTERN RHAETIAN ALPS,Platta-Unterhalbstein Group, Val d'Oro Glacier
WESTERN RHAETIAN ALPS,Platta-Unterhalbstein Group, Pizzo Ferré Glacier
WESTERN RHAETIAN ALPS,Platta-Unterhalbstein Group, Val Loga Glacier
WESTERN RHAETIAN ALPS,Platta-Unterhalbstein Group, Spianata Glacier
WESTERN RHAETIAN ALPS,Platta-Unterhalbstein Group, Tamborello Glacier
WESTERN RHAETIAN ALPS,Platta-Unterhalbstein Group, Southern Suretta Glacier
WESTERN RHAETIAN ALPS,Platta-Unterhalbstein Group, Mortée Glacier
WESTERN RHAETIAN ALPS,Platta-Unterhalbstein Group, Pizzo Duana Glacier
WESTERN RHAETIAN ALPS,Platta-Unterhalbstein Group, Marozzo Glacier
WESTERN RHAETIAN ALPS,Platta-Unterhalbstein Group, M. Marcio Glacier
WESTERN RHAETIAN ALPS,Platta-Unterhalbstein Group, Groppera Glacier
WESTERN RHAETIAN ALPS,Platta-Unterhalbstein Group, North-eastern Pizzo Stella Glacier
WESTERN RHAETIAN ALPS,Platta-Unterhalbstein Group, Ponciagna Glacier
WESTERN RHAETIAN ALPS,Platta-Unterhalbstein Group, Pizzo Rosso Glacier
WESTERN RHAETIAN ALPS,Bregaglia Range, Forno Glacier
WESTERN RHAETIAN ALPS,Bregaglia Range, Bacone Vedretta
WESTERN RHAETIAN ALPS,Bregaglia Range, Casnile Vedretta
WESTERN RHAETIAN ALPS,Bregaglia Range, Cantone Vedretta
WESTERN RHAETIAN ALPS,Bregaglia Range, Northern Castello Vedretta
WESTERN RHAETIAN ALPS,Bregaglia Range, Southern Castello Vedretta
WESTERN RHAETIAN ALPS,Bregaglia Range, Northern Zocca Vedretta
WESTERN RHAETIAN ALPS,Bregaglia Range, Albigna Glacier
WESTERN RHAETIAN ALPS,Bregaglia Range, Bondasca Vedretta
WESTERN RHAETIAN ALPS,Bregaglia Range, Northern Gemelli Vedretta
WESTERN RHAETIAN ALPS,Bregaglia Range, Northern Cengalo Vedretta
WESTERN RHAETIAN ALPS,Bregaglia Range, Eastern Trubinasca Vedretta
WESTERN RHAETIAN ALPS,Bregaglia Range, Western Trubinasca Vedretta
WESTERN RHAETIAN ALPS,Bregaglia Range, Punta Vedretta
WESTERN RHAETIAN ALPS,Bregaglia Range, Spassato Vedretta
WESTERN RHAETIAN ALPS,Bregaglia Range, Manduino/Ladrogno Vedretta
WESTERN RHAETIAN ALPS,Bregaglia Range, Ligoncio Vedretta
WESTERN RHAETIAN ALPS,Bregaglia Range, Vecchia Vedretta
WESTERN RHAETIAN ALPS,Bregaglia Range, Badile Vedretta
WESTERN RHAETIAN ALPS,Bregaglia Range, Western Cengalo Vedretta
WESTERN RHAETIAN ALPS,Bregaglia Range, Eastern Cengalo Vedretta
WESTERN RHAETIAN ALPS,Bregaglia Range, Gemelli Vedretta
WESTERN RHAETIAN ALPS,Bregaglia Range, Western Camerozzo Vedretta
WESTERN RHAETIAN ALPS,Bregaglia Range, Eastern Camerozzo Vedretta
WESTERN RHAETIAN ALPS,Bregaglia Range, Western Ferro Vedretta
WESTERN RHAETIAN ALPS,Bregaglia Range, Central Ferro Vedretta
WESTERN RHAETIAN ALPS,Bregaglia Range, Eastern Ferro Vedretta
WESTERN RHAETIAN ALPS,Bregaglia Range, Southern Zocca Vedretta
WESTERN RHAETIAN ALPS,Bregaglia Range, Rásica Vedretta
WESTERN RHAETIAN ALPS,Bregaglia Range, Western Torrone Vedretta
WESTERN RHAETIAN ALPS,Bregaglia Range, Central Torrone Vedretta
WESTERN RHAETIAN ALPS,Bregaglia Range, Eastern Torrone Vedretta
WESTERN RHAETIAN ALPS,Bregaglia Range, Pioda Glacier
WESTERN RHAETIAN ALPS,Bregaglia Range, Predarossa Glacier
WESTERN RHAETIAN ALPS,Bregaglia Range, Cassandra Glacier
WESTERN RHAETIAN ALPS,Bregaglia Range, Sassersa Vedretta
WESTERN RHAETIAN ALPS,Bregaglia Range, Orsera Glacier
WESTERN RHAETIAN ALPS,Bregaglia Range, Ventina Glacier
WESTERN RHAETIAN ALPS,Bregaglia Range, Canalone della Vergine
WESTERN RHAETIAN ALPS,Bregaglia Range, Pizzo Ventina Vedretta
WESTERN RHAETIAN ALPS,Bregaglia Range, Disgrazia Glacier
WESTERN RHAETIAN ALPS,Bregaglia Range, Sissone Vedretta
WESTERN RHAETIAN ALPS,Bregaglia Range, Vazzeda/Valseda Vedretta
WESTERN RHAETIAN ALPS,Bregaglia Range, Eastern M. Rosso Vedretta
WESTERN RHAETIAN ALPS,Bernina Range, Fora Vedretta
WESTERN RHAETIAN ALPS,Bernina Range, Tre Moggie Vedretta
WESTERN RHAETIAN ALPS,Bernina Range, Lower Scerscen Vedretta
WESTERN RHAETIAN ALPS,Bernina Range, Upper Scerscen Vedretta
WESTERN RHAETIAN ALPS,Bernina Range, Caspoggio Vedretta
WESTERN RHAETIAN ALPS,Bernina Range, M. Sasso Moro Vedretta
WESTERN RHAETIAN ALPS,Bernina Range, Fellaria Glacier
WESTERN RHAETIAN ALPS,Bernina Range, Scalino/Canciano Glacier
WESTERN RHAETIAN ALPS,Bernina Range, Northern Cima di Painale Glacier
WESTERN RHAETIAN ALPS,Bernina Range, Western Cima di Painale Glacier
WESTERN RHAETIAN ALPS,Bernina Range, Gombaro Glacier
WESTERN RHAETIAN ALPS,Bernina Range, Val Molina Glacier
WESTERN RHAETIAN ALPS,Bernina Range, Calino/d'Ajada Glacier
WESTERN RHAETIAN ALPS,Bernina Range, Eastern Cima di Painale/Forame Glacier
WESTERN RHAETIAN ALPS,Bernina Range, Verona Glacier
WESTERN RHAETIAN ALPS,Bernina Range, Palù Glacier
WESTERN RHAETIAN ALPS,Bernina Range, Cambrena Vedretta
SOUTHERN RHAETIAN ALPS,Livigno Alps, Campo Vedretta
SOUTHERN RHAETIAN ALPS,Livigno Alps, Dugorale Vedretta
SOUTHERN RHAETIAN ALPS,Livigno Alps, Piazzi Vedretta
SOUTHERN RHAETIAN ALPS,Livigno Alps, Verva Vedretta
SOUTHERN RHAETIAN ALPS,Livigno Alps, Eastern Dosdé Vedretta
SOUTHERN RHAETIAN ALPS,Livigno Alps, Western Dosdé Vedretta
SOUTHERN RHAETIAN ALPS,Livigno Alps, Val Viola Vedretta
SOUTHERN RHAETIAN ALPS,Livigno Alps, Foscagno Vedretta
SOUTHERN RHAETIAN ALPS,Ortler Alps, Piano (Eben) Glacier (western branch)
SOUTHERN RHAETIAN ALPS,Ortler Alps, Vitelli Vedretta
SOUTHERN RHAETIAN ALPS,Ortler Alps, M. Cristallo Vedretta
SOUTHERN RHAETIAN ALPS,Ortler Alps, Campo Vedretta
SOUTHERN RHAETIAN ALPS,Ortler Alps, Camosci Vedretta
SOUTHERN RHAETIAN ALPS,Ortler Alps, Zebrù Vedretta
SOUTHERN RHAETIAN ALPS,Ortler Alps, Miniera Vedretta
SOUTHERN RHAETIAN ALPS,Ortler Alps, Castelli Vedretta
SOUTHERN RHAETIAN ALPS,Ortler Alps, Montagna Vecchia Vedretta
SOUTHERN RHAETIAN ALPS,Ortler Alps, Forà Vedretta
SOUTHERN RHAETIAN ALPS,Ortler Alps, Western Confinale Vedretta
SOUTHERN RHAETIAN ALPS,Ortler Alps, Eastern Confinale Vedretta
SOUTHERN RHAETIAN ALPS,Ortler Alps, Southern Cima del Forno Vedretta
SOUTHERN RHAETIAN ALPS,Ortler Alps, Northern Cedeh Vedretta
SOUTHERN RHAETIAN ALPS,Ortler Alps, Southern Cedeh Vedretta
SOUTHERN RHAETIAN ALPS,Ortler Alps, Pasquale Vedretta
SOUTHERN RHAETIAN ALPS,Ortler Alps, Rosole/Rossole Vedretta
SOUTHERN RHAETIAN ALPS,Ortler Alps, Western Mare Vedretta
SOUTHERN RHAETIAN ALPS,Ortler Alps, Forno Vedretta
SOUTHERN RHAETIAN ALPS,Ortler Alps, Forno Glacier
SOUTHERN RHAETIAN ALPS,Ortler Alps, S. Giacomo Vedretta
SOUTHERN RHAETIAN ALPS,Ortler Alps, Chiarena (or Cerena) Vedretta
SOUTHERN RHAETIAN ALPS,Ortler Alps, Tresero Vedretta
SOUTHERN RHAETIAN ALPS,Ortler Alps, Dosegù Vedretta
SOUTHERN RHAETIAN ALPS,Ortler Alps, Sforzellina Vedretta
SOUTHERN RHAETIAN ALPS,Ortler Alps, Western Corno dei Tre Signori Vedretta
SOUTHERN RHAETIAN ALPS,Ortler Alps, Southern Corno dei Tre Signori Vedretta
SOUTHERN RHAETIAN ALPS,Sobretta-Gavia Group, Gavia Vedretta
SOUTHERN RHAETIAN ALPS,Sobretta-Gavia Group, Eastern Sobretta Vedretta
SOUTHERN RHAETIAN ALPS,Sobretta-Gavia Group, Northern Sobretta Vedretta
SOUTHERN RHAETIAN ALPS,Sobretta-Gavia Group, Western Sobretta Vedretta
SOUTHERN RHAETIAN ALPS,Sobretta-Gavia Group, Vallaccetta Vedretta
SOUTHERN RHAETIAN ALPS,Sobretta-Gavia Group, Savoretta Vedretta
SOUTHERN RHAETIAN ALPS,Sobretta-Gavia Group, Monticello Vedretta
BERGAMO ALPS AND PREALPS,Bergamo Alps and Prealps, Cagamei Vedretta
BERGAMO ALPS AND PREALPS,Bergamo Alps and Prealps, Druito and Vagh Vedretta
BERGAMO ALPS AND PREALPS,Bergamo Alps and Prealps, Fascere Vedretta
BERGAMO ALPS AND PREALPS,Bergamo Alps and Prealps, Marovin Vedretta
BERGAMO ALPS AND PREALPS,Bergamo Alps and Prealps, Lupo Vedretta
BERGAMO ALPS AND PREALPS,Bergamo Alps and Prealps, Pioda Vedretta
BERGAMO ALPS AND PREALPS,Bergamo Alps and Prealps, Rodes Vedretta
BERGAMO ALPS AND PREALPS,Bergamo Alps and Prealps, Porola Vedretta
BERGAMO ALPS AND PREALPS,Bergamo Alps and Prealps, Scais Vedretta
BERGAMO ALPS AND PREALPS,Bergamo Alps and Prealps, Cantonazzo Vedretta
BERGAMO ALPS AND PREALPS,Bergamo Alps and Prealps, Mottolone Vedretta
BERGAMO ALPS AND PREALPS,Bergamo Alps and Prealps, Salto Vedretta
BERGAMO ALPS AND PREALPS,Bergamo Alps and Prealps, Diavolo Vedretta
BERGAMO ALPS AND PREALPS,Bergamo Alps and Prealps, Redorta Vedretta
BERGAMO ALPS AND PREALPS,Bergamo Alps and Prealps, Secreto/Val Secreta Vedretta
BERGAMO ALPS AND PREALPS,Bergamo Alps and Prealps, Trobio Vedretta
SOUTHERN RHAETIAN ALPS,Adamello-Presanella Alps, Cima Payer Vedretta
SOUTHERN RHAETIAN ALPS,Adamello-Presanella Alps, Eastern Pisgana Vedretta
SOUTHERN RHAETIAN ALPS,Adamello-Presanella Alps, Western Pisgana Vedretta
SOUTHERN RHAETIAN ALPS,Adamello-Presanella Alps, Salimmo Vedretta
SOUTHERN RHAETIAN ALPS,Adamello-Presanella Alps, Calotta Vedretta
SOUTHERN RHAETIAN ALPS,Adamello-Presanella Alps, Venerocolo (or Frati) Vedretta
SOUTHERN RHAETIAN ALPS,Adamello-Presanella Alps, Avio Vedretta
SOUTHERN RHAETIAN ALPS,Adamello-Presanella Alps, Plem Vedretta
SOUTHERN RHAETIAN ALPS,Adamello-Presanella Alps, Northern Baitone Vedretta
SOUTHERN RHAETIAN ALPS,Adamello-Presanella Alps, Giuello Vedretta
SOUTHERN RHAETIAN ALPS,Adamello-Presanella Alps, M. Avio Vedretta
SOUTHERN RHAETIAN ALPS,Adamello-Presanella Alps, Aviolo Vedretta
SOUTHERN RHAETIAN ALPS,Adamello-Presanella Alps, Gallinera I Vedretta
SOUTHERN RHAETIAN ALPS,Adamello-Presanella Alps, Gallinera II Vedretta
SOUTHERN RHAETIAN ALPS,Adamello-Presanella Alps, Gallinera III Vedretta
SOUTHERN RHAETIAN ALPS,Adamello-Presanella Alps, Gallinera IV Vedretta
SOUTHERN RHAETIAN ALPS,Adamello-Presanella Alps, Bombia Vedretta
SOUTHERN RHAETIAN ALPS,Adamello-Presanella Alps, Southern Baitone Vedretta
SOUTHERN RHAETIAN ALPS,Adamello-Presanella Alps, Plem di Mezzo Vedretta
SOUTHERN RHAETIAN ALPS,Adamello-Presanella Alps, Northern Miller Vedretta
SOUTHERN RHAETIAN ALPS,Adamello-Presanella Alps, Southern Miller Vedretta
SOUTHERN RHAETIAN ALPS,Adamello-Presanella Alps, Remulo Vedretta
SOUTHERN RHAETIAN ALPS,Adamello-Presanella Alps, Corno Remulo Vedretta
SOUTHERN RHAETIAN ALPS,Adamello-Presanella Alps, Salarno Vedretta
SOUTHERN RHAETIAN ALPS,Adamello-Presanella Alps, Pian di Neve Vedretta
SOUTHERN RHAETIAN ALPS,Adamello-Presanella Alps, Gioia Vedretta
SOUTHERN RHAETIAN ALPS,Adamello-Presanella Alps, Poia Vedretta
SOUTHERN RHAETIAN ALPS,Adamello-Presanella Alps, Adamé Vedretta
SOUTHERN RHAETIAN ALPS,Adamello-Presanella Alps, Levade Vedretta
SOUTHERN RHAETIAN ALPS,Adamello-Presanella Alps, Porta Vedretta
SOUTHERN RHAETIAN ALPS,Adamello-Presanella Alps, Buciaga Vedretta
SOUTHERN RHAETIAN ALPS,Adamello-Presanella Alps, Saviore Vedretta
SOUTHERN RHAETIAN ALPS,Adamello-Presanella Alps, Frisozzo Vedretta
SOUTHERN RHAETIAN ALPS,Adamello-Presanella Alps, Western Fumo Vedretta
SOUTHERN RHAETIAN ALPS,Adamello-Presanella Alps, Eastern Fumo Vedretta
SOUTHERN RHAETIAN ALPS,Adamello-Presanella Alps, Cavento Vedretta
SOUTHERN RHAETIAN ALPS,Adamello-Presanella Alps, Northern Folletto Vedretta
SOUTHERN RHAETIAN ALPS,Adamello-Presanella Alps, Southern Folletto Vedretta
SOUTHERN RHAETIAN ALPS,Adamello-Presanella Alps, Western Caré Alto Vedretta
SOUTHERN RHAETIAN ALPS,Adamello-Presanella Alps, Col di Mezzo Vedretta
SOUTHERN RHAETIAN ALPS,Adamello-Presanella Alps, Cop di Casa Vedretta
SOUTHERN RHAETIAN ALPS,Adamello-Presanella Alps, Breguzzo Vedretta
SOUTHERN RHAETIAN ALPS,Adamello-Presanella Alps, Danerba Vedretta
SOUTHERN RHAETIAN ALPS,Adamello-Presanella Alps, Eastern Bissina Vedretta
SOUTHERN RHAETIAN ALPS,Adamello-Presanella Alps, Western Bissina Vedretta
SOUTHERN RHAETIAN ALPS,Adamello-Presanella Alps, Latola Vedretta
SOUTHERN RHAETIAN ALPS,Adamello-Presanella Alps, Valbona Vedretta
SOUTHERN RHAETIAN ALPS,Adamello-Presanella Alps, Eastern Caré Alto Vedretta
SOUTHERN RHAETIAN ALPS,Adamello-Presanella Alps, Niscli Vedretta
SOUTHERN RHAETIAN ALPS,Adamello-Presanella Alps, Lares Vedretta
SOUTHERN RHAETIAN ALPS,Adamello-Presanella Alps, Fargorida Vedretta
SOUTHERN RHAETIAN ALPS,Adamello-Presanella Alps, Lobbia Vedretta
SOUTHERN RHAETIAN ALPS,Adamello-Presanella Alps, Mandrone Vedretta
SOUTHERN RHAETIAN ALPS,Adamello-Presanella Alps, Cercen Vedretta
SOUTHERN RHAETIAN ALPS,Adamello-Presanella Alps, Western Nardis Vedretta
SOUTHERN RHAETIAN ALPS,Adamello-Presanella Alps, Eastern Nardis Vedretta
SOUTHERN RHAETIAN ALPS,Adamello-Presanella Alps, M. Nero Vedretta
SOUTHERN RHAETIAN ALPS,Adamello-Presanella Alps, Amola Vedretta
SOUTHERN RHAETIAN ALPS,Adamello-Presanella Alps, Cornisello Vedretta
SOUTHERN RHAETIAN ALPS,Adamello-Presanella Alps, Baselga Vedretta
SOUTHERN RHAETIAN ALPS,Adamello-Presanella Alps, Giner Vedretta
SOUTHERN RHAETIAN ALPS,Adamello-Presanella Alps, Pali Vedretta
SOUTHERN RHAETIAN ALPS,Adamello-Presanella Alps, Scarpaed Vedretta
SOUTHERN RHAETIAN ALPS,Adamello-Presanella Alps, Passo d'Amola Vedretta
SOUTHERN RHAETIAN ALPS,Adamello-Presanella Alps, Presanella Vedretta
SOUTHERN RHAETIAN ALPS,Adamello-Presanella Alps, Eastern Busazza Vedretta
SOUTHERN RHAETIAN ALPS,Adamello-Presanella Alps, Western Busazza Vedretta
SOUTHERN RHAETIAN ALPS,Adamello-Presanella Alps, Eastern Presena Vedretta
SOUTHERN RHAETIAN ALPS,Adamello-Presanella Alps, Western Presena Vedretta
SOUTHERN RHAETIAN ALPS,Brenta Dolomites, Vallesinella Vedretta
SOUTHERN RHAETIAN ALPS,Brenta Dolomites, Lower Brenta Vedretta
SOUTHERN RHAETIAN ALPS,Brenta Dolomites, Tuckett Vedretta
SOUTHERN RHAETIAN ALPS,Brenta Dolomites, Upper Brenta Vedretta
SOUTHERN RHAETIAN ALPS,Brenta Dolomites, Brentei Vedretta
SOUTHERN RHAETIAN ALPS,Brenta Dolomites, Fulmini Vedretta
SOUTHERN RHAETIAN ALPS,Brenta Dolomites, Crozzon Vedretta
SOUTHERN RHAETIAN ALPS,Brenta Dolomites, Camosci Vedretta
SOUTHERN RHAETIAN ALPS,Brenta Dolomites, Agola Vedretta
SOUTHERN RHAETIAN ALPS,Brenta Dolomites, Pra Fiorito Vedretta
SOUTHERN RHAETIAN ALPS,Brenta Dolomites, Dodici Apostoli Vedretta
SOUTHERN RHAETIAN ALPS,Brenta Dolomites, Ambies Vedretta
SOUTHERN RHAETIAN ALPS,Brenta Dolomites, Lower Tosa Vedretta
SOUTHERN RHAETIAN ALPS,Brenta Dolomites, Upper Tosa Vedretta
SOUTHERN RHAETIAN ALPS,Brenta Dolomites, Roma Vedretta
SOUTHERN RHAETIAN ALPS,Brenta Dolomites, Flavona Vedretta
SOUTHERN RHAETIAN ALPS,Ortler Alps, North-eastern C. dei Tre Signori Vedretta
SOUTHERN RHAETIAN ALPS,Ortler Alps, Vallacorna Vedretta
SOUTHERN RHAETIAN ALPS,Ortler Alps, Valpiana Vedretta
SOUTHERN RHAETIAN ALPS,Ortler Alps, Southern S. Matteo Vedretta
SOUTHERN RHAETIAN ALPS,Ortler Alps, Orsi Vedretta
SOUTHERN RHAETIAN ALPS,Ortler Alps, Cadini Vedretta
SOUTHERN RHAETIAN ALPS,Ortler Alps, Taviela Vedretta
SOUTHERN RHAETIAN ALPS,Ortler Alps, Saline Vedretta
SOUTHERN RHAETIAN ALPS,Ortler Alps, Vioz Vedretta
SOUTHERN RHAETIAN ALPS,Ortler Alps, Zampil Vedretta
SOUTHERN RHAETIAN ALPS,Ortler Alps, Vallenaja Vedretta
SOUTHERN RHAETIAN ALPS,Ortler Alps, Rossa Vedretta
SOUTHERN RHAETIAN ALPS,Ortler Alps, Venezia Vedretta
SOUTHERN RHAETIAN ALPS,Ortler Alps, Eastern la mare Vedretta
SOUTHERN RHAETIAN ALPS,Ortler Alps, Marmotta Vedretta
SOUTHERN RHAETIAN ALPS,Ortler Alps, Careser Vedretta
SOUTHERN RHAETIAN ALPS,Ortler Alps, Cavajon Vedretta
SOUTHERN RHAETIAN ALPS,Ortler Alps, Carburida Vedretta
SOUTHERN RHAETIAN ALPS,Ortler Alps, Cima Rossa Vedretta
SOUTHERN RHAETIAN ALPS,Ortler Alps, Saent Vedretta
SOUTHERN RHAETIAN ALPS,Ortler Alps, Rabbi Vedretta
SOUTHERN RHAETIAN ALPS,Ortler Alps, Sternai Vedretta
SOUTHERN RHAETIAN ALPS,Ortler Alps, Eggen Vedretta
SOUTHERN RHAETIAN ALPS,Ortler Alps, Fontana Bianca (Weissbrunn) Glacier
SOUTHERN RHAETIAN ALPS,Ortler Alps, Southern Gioveretto (Zufritt) Glacier
SOUTHERN RHAETIAN ALPS,Ortler Alps, Pracúpola (Kuppelwieser) Glacier
SOUTHERN RHAETIAN ALPS,Ortler Alps, Hasenohr/Maso (Schmiedhof) Glacier
SOUTHERN RHAETIAN ALPS,Ortler Alps, Soy Glacier
SOUTHERN RHAETIAN ALPS,Ortler Alps, Upper Gioveretto (Ober Zufritt) Glacier
SOUTHERN RHAETIAN ALPS,Ortler Alps, Lower Gioveretto (Unter Zufritt) Glacier
SOUTHERN RHAETIAN ALPS,Ortler Alps, Eastern Monache (Nonnen) Glacier
SOUTHERN RHAETIAN ALPS,Ortler Alps, Central Monache (Nonnen) Glacier
SOUTHERN RHAETIAN ALPS,Ortler Alps, Western Monache (Nonnen) Glacier
SOUTHERN RHAETIAN ALPS,Ortler Alps, Saént (Sallent) Glacier
SOUTHERN RHAETIAN ALPS,Ortler Alps, Graines (Gramsen) Glacier
SOUTHERN RHAETIAN ALPS,Ortler Alps, Serana (Schran) Glacier
SOUTHERN RHAETIAN ALPS,Ortler Alps, Ultimo (Ultenmarkt) Glacier
SOUTHERN RHAETIAN ALPS,Ortler Alps, High (Hohen) Glacier
SOUTHERN RHAETIAN ALPS,Ortler Alps, Forcola (Fürkele) Glacier
SOUTHERN RHAETIAN ALPS,Ortler Alps, Cevedale (Zufall) Glacier
SOUTHERN RHAETIAN ALPS,Ortler Alps, Lunga (Langhen F.) Vedretta
SOUTHERN RHAETIAN ALPS,Ortler Alps, Lago Gelato Glacier
SOUTHERN RHAETIAN ALPS,Ortler Alps, Pozzo (Butzen) Glacier
SOUTHERN RHAETIAN ALPS,Ortler Alps, Peder di dentro Glacier
SOUTHERN RHAETIAN ALPS,Ortler Alps, Mezzo Glacier
SOUTHERN RHAETIAN ALPS,Ortler Alps, Fuori Glacier
SOUTHERN RHAETIAN ALPS,Ortler Alps, Lisi Glacier
SOUTHERN RHAETIAN ALPS,Ortler Alps, Sluder (Schluder) Glacier
SOUTHERN RHAETIAN ALPS,Ortler Alps, Cavolano (Göflan) Glacier
SOUTHERN RHAETIAN ALPS,Ortler Alps, Lasa (Laaser) Glacier
SOUTHERN RHAETIAN ALPS,Ortler Alps, Angelo (Angelus) Glacier
SOUTHERN RHAETIAN ALPS,Ortler Alps, Forno (Ofenwand) Glacier
SOUTHERN RHAETIAN ALPS,Ortler Alps, Cèngles (Tschenglser) Glacier
SOUTHERN RHAETIAN ALPS,Ortler Alps, Northern Zay Glacier
SOUTHERN RHAETIAN ALPS,Ortler Alps, Southern Zay Glacier
SOUTHERN RHAETIAN ALPS,Ortler Alps, Rosin/Rosim Glacier
SOUTHERN RHAETIAN ALPS,Ortler Alps, Laste (Platten) Glacier
SOUTHERN RHAETIAN ALPS,Ortler Alps, Northern Beltovo (Schöntauf) Glacier
SOUTHERN RHAETIAN ALPS,Ortler Alps, Southern Beltovo (Schöntauf) Glacier
SOUTHERN RHAETIAN ALPS,Ortler Alps, Madriccio (Ebenwand) Glacier
SOUTHERN RHAETIAN ALPS,Ortler Alps, Sulden Glacier
SOUTHERN RHAETIAN ALPS,Ortler Alps, Königswand Glacier
SOUTHERN RHAETIAN ALPS,Ortler Alps, Payer Glacier
SOUTHERN RHAETIAN ALPS,Ortler Alps, Capo del Mondo (End der Welt) Glacier
SOUTHERN RHAETIAN ALPS,Ortler Alps, Marlet (Marlt) Glacier
SOUTHERN RHAETIAN ALPS,Ortler Alps, Tabaretta Glacier
SOUTHERN RHAETIAN ALPS,Ortler Alps, Upper Ortles Glacier
SOUTHERN RHAETIAN ALPS,Ortler Alps, Cerchio dell'Ortles Glacier
SOUTHERN RHAETIAN ALPS,Ortler Alps, Lower Ortles Glacier
SOUTHERN RHAETIAN ALPS,Ortler Alps, Trafoi Glacier
SOUTHERN RHAETIAN ALPS,Ortler Alps, Baite (Tuckett) Glacier
SOUTHERN RHAETIAN ALPS,Ortler Alps, Madaccio (Madatsch) Glacier
SOUTHERN RHAETIAN ALPS,Ortler Alps, Piano (Eben) Glacier
EASTERN RHAETIAN ALPS,Ötztal Alps, Val China (Falgin) Glacier
EASTERN RHAETIAN ALPS,Ötztal Alps, Mulenza (Mühlens) Glacier
EASTERN RHAETIAN ALPS,Ötztal Alps, Croda (Gepatsch) Glacier
EASTERN RHAETIAN ALPS,Ötztal Alps, Western Vallelunga (Langtauferer) Glacier
EASTERN RHAETIAN ALPS,Ötztal Alps, Barbadorso (Bärenbart) Glacier
EASTERN RHAETIAN ALPS,Ötztal Alps, Fontana (Freibrunner) Glacier
EASTERN RHAETIAN ALPS,Ötztal Alps, Fossalunga (Langgrub) Glacier
EASTERN RHAETIAN ALPS,Ötztal Alps, Cima Rossa (Rotheben) Glacier
EASTERN RHAETIAN ALPS,Ötztal Alps, Valbenair (Valbanair) Glacier
EASTERN RHAETIAN ALPS,Ötztal Alps, Plagnólo (Planail) Glacier
EASTERN RHAETIAN ALPS,Ötztal Alps, Valbella (Valvel) Glacier
EASTERN RHAETIAN ALPS,Ötztal Alps, Forca (Gabel) Glacier
EASTERN RHAETIAN ALPS,Ötztal Alps, Mazia (Matscher) Glacier
EASTERN RHAETIAN ALPS,Ötztal Alps, Western Oberettes Glacier
EASTERN RHAETIAN ALPS,Ötztal Alps, Western Fossalunga (Langgrub) Glacier
EASTERN RHAETIAN ALPS,Ötztal Alps, Saldura (Salurn) Glacier
EASTERN RHAETIAN ALPS,Ötztal Alps, Ramudla/Ramudel Glacier
EASTERN RHAETIAN ALPS,Ötztal Alps, Lagánn (Lagaun) Glacier
EASTERN RHAETIAN ALPS,Ötztal Alps, Lazaun Glacier
EASTERN RHAETIAN ALPS,Ötztal Alps, Eastern Fossalunga (Lenggrub) Glacier
EASTERN RHAETIAN ALPS,Ötztal Alps, Eastern Oberettes (Schwemser) Glacier
EASTERN RHAETIAN ALPS,Ötztal Alps, Cavallo (Rossmurt) Glacier
EASTERN RHAETIAN ALPS,Ötztal Alps, Frane (Steinschlag) Glacier
EASTERN RHAETIAN ALPS,Ötztal Alps, Giogo Alto (Hochjoch F.) Glacier (south-western flow)
EASTERN RHAETIAN ALPS,Ötztal Alps, Finale (Finail) Glacier
EASTERN RHAETIAN ALPS,Ötztal Alps, Tisa (Tisen) Glacier
EASTERN RHAETIAN ALPS,Ötztal Alps, Similaun Glacier
EASTERN RHAETIAN ALPS,Ötztal Alps, Grava (Graf) Glacier
EASTERN RHAETIAN ALPS,Ötztal Alps, Piano (Stock) Glacier
EASTERN RHAETIAN ALPS,Ötztal Alps, Sara (Schaf) Glacier
EASTERN RHAETIAN ALPS,Ötztal Alps, Right Fosse (Pfossen) Glacier
EASTERN RHAETIAN ALPS,Ötztal Alps, Fanat Glacier
EASTERN RHAETIAN ALPS,Ötztal Alps, Altissima (Kessel) Glacier
EASTERN RHAETIAN ALPS,Ötztal Alps, Bianca (Hohe Weiss) Glacier
EASTERN RHAETIAN ALPS,Ötztal Alps, Fosse (Graben) Glacier
EASTERN RHAETIAN ALPS,Ötztal Alps, Ceppo (Schrotten) Glacier
EASTERN RHAETIAN ALPS,Ötztal Alps, Western Riotorbo Glacier
EASTERN RHAETIAN ALPS,Ötztal Alps, Rotwand Glacier
EASTERN RHAETIAN ALPS,Ötztal Alps, Tessa (Texel) Glacier
EASTERN RHAETIAN ALPS,Ötztal Alps, Albeluccio (Alpletsch) Glacier
EASTERN RHAETIAN ALPS,Ötztal Alps, Bankknott Glacier
EASTERN RHAETIAN ALPS,Ötztal Alps, Catino (Kessel) Glacier
EASTERN RHAETIAN ALPS,Ötztal Alps, Muta (Muther) Glacier
EASTERN RHAETIAN ALPS,Ötztal Alps, Bircher Glacier
EASTERN RHAETIAN ALPS,Ötztal Alps, Costa dei Cavalli (Gfalleit) Glacier
EASTERN RHAETIAN ALPS,Ötztal Alps, Fosse (Grubplatten) Glacier
EASTERN RHAETIAN ALPS,Ötztal Alps, Monterosso (Rotheck) Glacier
EASTERN RHAETIAN ALPS,Ötztal Alps, Eastern Riotorbo (Trub) Glacier
EASTERN RHAETIAN ALPS,Ötztal Alps, Western Cima Fiammante (Lodner) Glacier
EASTERN RHAETIAN ALPS,Ötztal Alps, Uls (Ulsen) Glacier
EASTERN RHAETIAN ALPS,Ötztal Alps, Lazirs (Hafner) Glacier
EASTERN RHAETIAN ALPS,Ötztal Alps, Andala (Andels) Glacier
EASTERN RHAETIAN ALPS,Ötztal Alps, Hochfirst Glacier
EASTERN RHAETIAN ALPS,Ötztal Alps, Lasa (Lasaun) Glacier
EASTERN RHAETIAN ALPS,Ötztal Alps, Grava (Graf) Glacier
EASTERN RHAETIAN ALPS,Ötztal Alps, Campo di Sabbia (Sandfeld) Glacier
EASTERN RHAETIAN ALPS,Ötztal Alps, Eastern Lago (Seeber) Glacier
EASTERN RHAETIAN ALPS,Ötztal Alps, Central Lago (Seeber) Glacier
EASTERN RHAETIAN ALPS,Ötztal Alps, Western Lago (Seeber) Glacier
EASTERN RHAETIAN ALPS,Ötztal Alps, Granate (Granaten) Glacier
EASTERN RHAETIAN ALPS,Stubai Alps, M. Agnello (Hohl/Kitzkogl) Glacier
EASTERN RHAETIAN ALPS,Stubai Alps, Croda Nera (Schwarzwand) Glacier
EASTERN RHAETIAN ALPS,Stubai Alps, Alto (Hoch) Glacier
EASTERN RHAETIAN ALPS,Stubai Alps, Nero (Schwarzspitz) Glacier
EASTERN RHAETIAN ALPS,Stubai Alps, Lago Nero (Schwarzsee) Glacier
EASTERN RHAETIAN ALPS,Stubai Alps, Luzzago (Lazzacher) Glacier
EASTERN RHAETIAN ALPS,Stubai Alps, Erpice (Senner-Egeten) Glacier
EASTERN RHAETIAN ALPS,Stubai Alps, Nock Glacier
EASTERN RHAETIAN ALPS,Stubai Alps, Izer Glacier
EASTERN RHAETIAN ALPS,Stubai Alps, Capro (Botzer) Glacier
EASTERN RHAETIAN ALPS,Stubai Alps, Malavalle (Übelthal) Glacier
EASTERN RHAETIAN ALPS,Stubai Alps, Piano (Ebener) Glacier
EASTERN RHAETIAN ALPS,Stubai Alps, Geisswand Glacier
EASTERN RHAETIAN ALPS,Stubai Alps, Pendente Vedretta (Hangender Feuerstein)
EASTERN RHAETIAN ALPS,Stubai Alps, Gavignes (Gwinges) Glacier
EASTERN RHAETIAN ALPS,Stubai Alps, Gruneser Glacier
EASTERN RHAETIAN ALPS,Stubai Alps, Montarso (Pflerscher-Feuerstein) Glacier
EASTERN RHAETIAN ALPS,Stubai Alps, Stua (Stuben) Glacier
EASTERN RHAETIAN ALPS,Zillertal Alps, Oberbergkees Glacier
EASTERN RHAETIAN ALPS,Zillertal Alps, Hochferner Glacier
EASTERN RHAETIAN ALPS,Zillertal Alps, Quàira Bianca (Wild Weisskaar) Glacier
EASTERN RHAETIAN ALPS,Zillertal Alps, Gran Pilastro (Glieder) Glacier
EASTERN RHAETIAN ALPS,Zillertal Alps, Western Punta Bianca (Weisszint) Glacier
EASTERN RHAETIAN ALPS,Zillertal Alps, Eastern Punta Bianca (Weisszint) Glacier
EASTERN RHAETIAN ALPS,Zillertal Alps, Western Neves (Mutnok) Glacier
EASTERN RHAETIAN ALPS,Zillertal Alps, Central Neves (Ursprung) Glacier
EASTERN RHAETIAN ALPS,Zillertal Alps, Eastern Neves (Evis) Glacier
EASTERN RHAETIAN ALPS,Zillertal Alps, Dentro (Trattenbach) Glacier
EASTERN RHAETIAN ALPS,Zillertal Alps, Mezzo (Mitterbach) Glacier
EASTERN RHAETIAN ALPS,Zillertal Alps, Rio Nero (Schwarzenbach) Glacier
EASTERN RHAETIAN ALPS,Zillertal Alps, Rio Rosso (Rothbach) Glacier
EASTERN RHAETIAN ALPS,Zillertal Alps, Riotorbo (Trippbach) Glacier
EASTERN RHAETIAN ALPS,Zillertal Alps, Rio Franco (Frankbach) Glacier
EASTERN RHAETIAN ALPS,Zillertal Alps, Rio del Conio (Keilbach) Glacier
EASTERN RHAETIAN ALPS,Zillertal Alps, Rio di Valle (Wollbach) Glacier
EASTERN RHAETIAN ALPS,Zillertal Alps, Gries (Griesbach) Glacier
EASTERN RHAETIAN ALPS,High Tauern (Western Defereggen), Predói (Prettau) Glacier
EASTERN RHAETIAN ALPS,High Tauern (Western Defereggen), Lana (Lahner) Glacier
EASTERN RHAETIAN ALPS,High Tauern (Western Defereggen), Svolta (Kehrer) Glacier
EASTERN RHAETIAN ALPS,High Tauern (Western Defereggen), Piè di Cavallo (Rosshuf) Glacier
EASTERN RHAETIAN ALPS,High Tauern (Western Defereggen), Val del Vento (Windthal) Glacier
EASTERN RHAETIAN ALPS,High Tauern (Western Defereggen), Monte Riva (Rainhart) Glacier
EASTERN RHAETIAN ALPS,High Tauern (Western Defereggen), Eastern Pizzo Rosso (Roth) Glacier
EASTERN RHAETIAN ALPS,High Tauern (Western Defereggen), Western Pizzo Rosso (Roth) Glacier
EASTERN RHAETIAN ALPS,High Tauern (Western Defereggen), Valle Rossa (Rothfleck) Glacier
EASTERN RHAETIAN ALPS,High Tauern (Western Defereggen), Merb Glacier
EASTERN RHAETIAN ALPS,High Tauern (Western Defereggen), Pizzo Lungo (Leng Sp.) Glacier
EASTERN RHAETIAN ALPS,High Tauern (Western Defereggen), Alprè (Alprech) Glacier
EASTERN RHAETIAN ALPS,High Tauern (Western Defereggen), Chiusa (Klausen) Glacier
EASTERN RHAETIAN ALPS,High Tauern (Western Defereggen), Cima Dura (Durreck) Glacier
EASTERN RHAETIAN ALPS,High Tauern (Western Defereggen), Sasso Rosso (Rothstein) Glacier
EASTERN RHAETIAN ALPS,High Tauern (Western Defereggen), Riva (Bachern) Glacier
EASTERN RHAETIAN ALPS,High Tauern (Western Defereggen), Pizzo Muela (Mukla Sp.) Glacier
EASTERN RHAETIAN ALPS,High Tauern (Western Defereggen), Croda di Sasso Lungo (Lenkstein Wand) Glacier
EASTERN RHAETIAN ALPS,High Tauern (Western Defereggen), Eastern Sasso Lungo (Lenkstein) Glacier
EASTERN RHAETIAN ALPS,High Tauern (Western Defereggen), Western Sasso Lungo (Lenkstein) Glacier
EASTERN RHAETIAN ALPS,High Tauern (Western Defereggen), Coll'Alto (Hoch Gall) Glacier
EASTERN RHAETIAN ALPS,High Tauern (Western Defereggen), Giganti (Rieser) Glacier
EASTERN RHAETIAN ALPS,High Tauern (Western Defereggen), Monte Covóni (Tristen) Glacier
EASTERN RHAETIAN ALPS,High Tauern (Western Defereggen), Monte Nevoso (Schneebiges Nock) Glacier
EASTERN RHAETIAN ALPS,High Tauern (Western Defereggen), Northern Valfredda (Geltthal) Glacier
EASTERN RHAETIAN ALPS,High Tauern (Western Defereggen), Southern Valfredda (Geltthal) Glacier
EASTERN RHAETIAN ALPS,High Tauern (Western Defereggen), Casavecchia (Althaus) Glacier
DOLOMITES,Ampezzo Dolomites, Popena Glacier
DOLOMITES,Ampezzo Dolomites, Cristallo Glacier
DOLOMITES,Ampezzo Dolomites, Cresta Bianca Glacier
DOLOMITES,Dolomites, Croda Rossa Glacier
DOLOMITES,Sella and Gardena Group, Sella/Boé Glacier
DOLOMITES,Sella and Gardena Group, Sass Long Glacier
DOLOMITES,Sella and Gardena Group, Grohmann Glacier
DOLOMITES,Sella and Gardena Group, Sass Platt Glacier
DOLOMITES,Marmolada Group, Marmolada Glacier
DOLOMITES,Marmolada Group, Vernel Glacier
DOLOMITES,Marmolada Group, Vernale Glacier
DOLOMITES,Marmolada Group, Val d'Ombert Glacier
DOLOMITES,Pale di San Martino Group, Travignolo Glacier
DOLOMITES,Pale di San Martino Group, Pala Glacier
DOLOMITES,Pale di San Martino Group, Marmor Glacier
DOLOMITES,Pale di San Martino Group, Fradusta Glacier
DOLOMITES,Pale di San Martino Group, Ziroccole Glacier
DOLOMITES,Pale di San Martino Group, Focobon Glacier
DOLOMITES,Sesto-Cadini-Agordo Group, Civetta Glacier
DOLOMITES,Sesto-Cadini-Agordo Group, Valle dei Cantoni/Giazzere Glacier
DOLOMITES,Sesto-Cadini-Agordo Group, Pelmo Glacier
DOLOMITES,Sesto-Cadini-Agordo Group, Val d'Arcia Glacier
DOLOMITES,Ampezzo Dolomites, Western Tofana Glacier
DOLOMITES,Ampezzo Dolomites, Southern Tofana Glacier
DOLOMITES,Ampezzo Dolomites, Eastern Tofana Glacier
DOLOMITES,Ampezzo Dolomites, Fanis Glacier
DOLOMITES,Ampezzo Dolomites, Western Antelao Glacier
DOLOMITES,Ampezzo Dolomites, Eastern Antelao Glacier
DOLOMITES,Ampezzo Dolomites, Meduce di Dentro Glacier
DOLOMITES,Ampezzo Dolomites, Meduce di Fuori Glacier
DOLOMITES,Ampezzo Dolomites, Dentro di Froppa Glacier
DOLOMITES,Ampezzo Dolomites, Fuori di Froppa Glacier
DOLOMITES,Ampezzo Dolomites, Selle Glacier
DOLOMITES,Ampezzo Dolomites, Foppa di Mattia Glacier
DOLOMITES,Ampezzo Dolomites, Western Sorapiss Glacier
DOLOMITES,Ampezzo Dolomites, Central Sorapiss Glacier
DOLOMITES,Ampezzo Dolomites, Eastern Sorapiss Glacier
DOLOMITES,Sesto Dolomites, Hochbrunnen Glacier
DOLOMITES,Sesto Dolomites, High Popèra Glacier
DOLOMITES,Sesto Dolomites, Elfer Glacier
DOLOMITES,Sesto Dolomites, Low Popèra Glacier
JULIAN ALPS,Julian Alps, Western Canin Glacier
JULIAN ALPS,Julian Alps, Eastern Canin Glacier
JULIAN ALPS,Julian Alps, Ursic Glacier
JULIAN ALPS,Julian Alps, Montasio Glacier
APENNINES,Gran Sasso d'Italia, M. Corno/Calderone Glacier
