Mountain Sector, Glacier Name
Maritime Alps - Clapier Maledia Gelas Group, Clapier Glacier
Maritime Alps - Clapier Maledia Gelas Group, Peirabruna Glacier
Maritime Alps - Clapier Maledia Gelas Group, Maledia/Pagari Glacier
Maritime Alps - Clapier Maledia Gelas Group, Murajon Glacier
Maritime Alps - Clapier Maledia Gelas Group, Eastern Gelas/Eastern Murajon Glacier
Maritime Alps - Clapier Maledia Gelas Group, North-eastern Gelas/Lago Bianco Glacier
Maritime Alps - Clapier Maledia Gelas Group, Northern Gelas/Siula Glacier
Maritime Alps - Clapier Maledia Gelas Group, Western Gelas/Maura Glacier
Maritime Alps - Argentera Group, Lourousa Glacier
Maritime Alps - Corborant Tinibras Group, Corborant Glacier
Maritime Alps - Corborant Tinibras Group, Tre Puncias/Schiantala Glacier
Cottian Alps - Monte Viso Group, Vallanta Glacier
Cottian Alps - Monte Viso Group, Caprera Glacier
Cottian Alps - Monte Viso Group, Viso Glacier
Cottian Alps - Monte Viso Group, Coolidge Glacier
Cottian Alps - Ambin Group, Fourneaux Glacier
Cottian Alps - Ambin Group, Vallonnette Glacier
Cottian Alps - Ambin Group, Galambra Glacier
Cottian Alps - Ambin Group, Agnello Glacier
Cottian Alps - Ambin Group, Muttet Glacier
Cottian Alps - Ambin Group, Bard Glacier
Graian Alps - Rocciamelone Cimarella Levanna Group, Bertà Glacier
Graian Alps - Rocciamelone Cimarella Levanna Group, Pera Ciaval Glacier
Graian Alps - Rocciamelone Cimarella Levanna Group, Bessanese Glacier
Graian Alps - Rocciamelone Cimarella Levanna Group, Pian Gias Glacier
Graian Alps - Rocciamelone Cimarella Levanna Group, Cimarella Glacier
Graian Alps - Rocciamelone Cimarella Levanna Group, Sea Glacier
Graian Alps - Rocciamelone Cimarella Levanna Group, Molinet Glacier
Graian Alps - Rocciamelone Cimarella Levanna Group, Martellot Glacier
Graian Alps - Rocciamelone Cimarella Levanna Group, Levanna Glacier
Graian Alps - Rocciamelone Cimarella Levanna Group, Forno Glacier
Graian Alps - Rocciamelone Cimarella Levanna Group, Arpiat Glacier
Graian Alps - Rocciamelone Cimarella Levanna Group, Nel Glacier
Graian Alps - Rocciamelone Cimarella Levanna Group, Carro Glacier
Graian Alps - Rocciamelone Cimarella Levanna Group, Losa Glacier
Graian Alps - Rocciamelone Cimarella Levanna Group, Basei Glacier
Graian Alps - Gran Paradiso Group (southern slope), Porta Glacier
Graian Alps - Gran Paradiso Group (southern slope), Eastern Broglio Glacier
Graian Alps - Gran Paradiso Group (southern slope), Dietro il Lago Glacier
Graian Alps - Gran Paradiso Group (southern slope), Ciamosseretto Glacier
Graian Alps - Gran Paradiso Group (southern slope), Goni/Goi Glacier
Graian Alps - Gran Paradiso Group (southern slope), Noaschetta Glacier
Graian Alps - Gran Paradiso Group (southern slope), Gay Glacier
Graian Alps - Gran Paradiso Group (southern slope), Losa Glacier
Graian Alps - Gran Paradiso Group (southern slope), Becchio/Becchi Glacier
Graian Alps - Gran Paradiso Group (southern slope), Roccia Viva Glacier
Graian Alps - Gran Paradiso Group (southern slope), Teleccio Glacier
Graian Alps - Gran Paradiso Group (southern slope), Valsoéra Glacier
Graian Alps - Gran Paradiso Group (southern slope), Guri Glacier
Graian Alps - Gran Paradiso Group (southern slope), Ciardoney Glacier
Graian Alps - Gran Paradiso Group (southern slope), Southern Sengie Glacier
Graian Alps - Rosa dei Banchi Tersiva Emilius Group, Rosa dei Banchi Glacier
Graian Alps - Rosa dei Banchi Tersiva Emilius Group, M. Glacier Glacier
Graian Alps - Rosa dei Banchi Tersiva Emilius Group, Tessonet Glacier
Graian Alps - Rosa dei Banchi Tersiva Emilius Group, Laures Glacier
Graian Alps - Rosa dei Banchi Tersiva Emilius Group, Blancheti Glacier
Graian Alps - Rosa dei Banchi Tersiva Emilius Group, d'Arpisson Glacier
Graian Alps - Rosa dei Banchi Tersiva Emilius Group, Lussert Glacier
Graian Alps - Rosa dei Banchi Tersiva Emilius Group, Dorères/Southern Tessonet/Tersiva Glacier
Graian Alps - Rosa dei Banchi Tersiva Emilius Group, Pene Blanche Glacier
Graian Alps - Gran Paradiso Group (northern slope), Peradza/Peratzà Glacier
Graian Alps - Gran Paradiso Group (northern slope), Acquarossa (Eaux-Rouges) Glacier
Graian Alps - Gran Paradiso Group (northern slope), Northern Lavina Glacier
Graian Alps - Gran Paradiso Group (northern slope), Southern Lavina Glacier
Graian Alps - Gran Paradiso Group (northern slope), Bardoney Glacier
Graian Alps - Gran Paradiso Group (northern slope), Arolla Glacier
Graian Alps - Gran Paradiso Group (northern slope), Northern Sengie Glacier
Graian Alps - Gran Paradiso Group (northern slope), Valeille Glacier
Graian Alps - Gran Paradiso Group (northern slope), Tori Glacier
Graian Alps - Gran Paradiso Group (northern slope), Valletta Glacier
Graian Alps - Gran Paradiso Group (northern slope), Patri Glacier
Graian Alps - Gran Paradiso Group (northern slope), Pêne Blanche Glacier
Graian Alps - Gran Paradiso Group (northern slope), Coupé de Money Glacier
Graian Alps - Gran Paradiso Group (northern slope), Money Glacier
Graian Alps - Gran Paradiso Group (northern slope), Grand Croux Glacier
Graian Alps - Gran Paradiso Group (northern slope), Tribolazione Glacier
Graian Alps - Gran Paradiso Group (northern slope), Tzasset/Drassel Glacier
Graian Alps - Gran Paradiso Group (northern slope), Erbetet Glacier
Graian Alps - Gran Paradiso Group (northern slope), Grand Val Glacier
Graian Alps - Gran Paradiso Group (northern slope), Grand Sertz Glacier
Graian Alps - Gran Paradiso Group (northern slope), Lauson/Lauzon Glacier
Graian Alps - Gran Paradiso Group (northern slope), Tuf Glacier
Graian Alps - Gran Paradiso Group (northern slope), Rayes Noires Glacier
Graian Alps - Gran Paradiso Group (northern slope), Trajo/Eastern Grivola Glacier
Graian Alps - Gran Paradiso Group (northern slope), Grivoletta Glacier
Graian Alps - Gran Paradiso Group (northern slope), Nomenon Glacier
Graian Alps - Gran Paradiso Group (northern slope), Belleface Glacier
Graian Alps - Gran Paradiso Group (northern slope), Bocconère Glacier
Graian Alps - Gran Paradiso Group (northern slope), Peson/Western Grivola Glacier
Graian Alps - Gran Paradiso Group (northern slope), Inferno Glacier
Graian Alps - Gran Paradiso Group (northern slope), Timorion Glacier
Graian Alps - Gran Paradiso Group (northern slope), Gran Neiron Glacier
Graian Alps - Gran Paradiso Group (northern slope), Montandayné Glacier
Graian Alps - Gran Paradiso Group (northern slope), Lavacciù/Lavetiau/Loqueour Glacier
Graian Alps - Gran Paradiso Group (northern slope), Gran Paradiso Glacier
Graian Alps - Gran Paradiso Group (northern slope), Moncorvé Glacier
Graian Alps - Gran Paradiso Group (northern slope), Monciair Glacier
Graian Alps - Gran Paradiso Group (northern slope), Northern Broglio/Breuil Glacier
Graian Alps - Gran Paradiso Group (northern slope), Grand Etret Glacier
Graian Alps - Gran Paradiso Group (northern slope), Seiva Glacier
Graian Alps - Gran Paradiso Group (northern slope), Northern Punta Fourà Glacier
Graian Alps - Tout Blanc Grande Sassière Grande Rousse Group, Anilié Glacier
Graian Alps - Tout Blanc Grande Sassière Grande Rousse Group, Percia/Mayes Glacier
Graian Alps - Tout Blanc Grande Sassière Grande Rousse Group, Entrelor Glacier
Graian Alps - Tout Blanc Grande Sassière Grande Rousse Group, Vaudaletta Glacier
Graian Alps - Tout Blanc Grande Sassière Grande Rousse Group, Vaudala Glacier
Graian Alps - Tout Blanc Grande Sassière Grande Rousse Group, Lavassei Glacier
Graian Alps - Tout Blanc Grande Sassière Grande Rousse Group, Fonte Glacier
Graian Alps - Tout Blanc Grande Sassière Grande Rousse Group, Contelina/Tsantaleina Glacier
Graian Alps - Tout Blanc Grande Sassière Grande Rousse Group, Soches Glacier
Graian Alps - Tout Blanc Grande Sassière Grande Rousse Group, Goletta Glacier
Graian Alps - Tout Blanc Grande Sassière Grande Rousse Group, Traversière Glacier
Graian Alps - Tout Blanc Grande Sassière Grande Rousse Group, True Blanc Glacier
Graian Alps - Tout Blanc Grande Sassière Grande Rousse Group, Fos Glacier
Graian Alps - Tout Blanc Grande Sassière Grande Rousse Group, Pellaud (or Pelaud) Glacier
Graian Alps - Tout Blanc Grande Sassière Grande Rousse Group, Torrent Glacier
Graian Alps - Tout Blanc Grande Sassière Grande Rousse Group, Toss Glacier
Graian Alps - Tout Blanc Grande Sassière Grande Rousse Group, Luette Glacier
Graian Alps - Tout Blanc Grande Sassière Grande Rousse Group, Rabuigne Glacier
Graian Alps - Tout Blanc Grande Sassière Grande Rousse Group, L'Epère Glacier
Graian Alps - Tout Blanc Grande Sassière Grande Rousse Group, Mont Forchaz Glacier
Graian Alps - Tout Blanc Grande Sassière Grande Rousse Group, Invergnan Glacier
Graian Alps - Tout Blanc Grande Sassière Grande Rousse Group, Giasson/Gliasson/Dzasson Glacier
Graian Alps - Tout Blanc Grande Sassière Grande Rousse Group, S. Martino Glacier
Graian Alps - Tout Blanc Grande Sassière Grande Rousse Group, Bassac Glacier
Graian Alps - Tout Blanc Grande Sassière Grande Rousse Group, Cuira Glacier
Mont Blanc Massif - Mont Blanc Group, La Seigne Glacier
Mont Blanc Massif - Mont Blanc Group, Estellette Glacier
Mont Blanc Massif - Mont Blanc Group, Allée Blanche Glacier
Mont Blanc Massif - Mont Blanc Group, Piccolo M. Bianco Glacier
Mont Blanc Massif - Mont Blanc Group, Italian Bionnassay Glacier
Mont Blanc Massif - Mont Blanc Group, Miage Glacier
Mont Blanc Massif - Mont Blanc Group, Dôme Glacier
Mont Blanc Massif - Mont Blanc Group, M. Bianco Glacier
Mont Blanc Massif - Mont Blanc Group, Brouillard/Broglia Glacier
Mont Blanc Massif - Mont Blanc Group, Châtelet Glacier
Mont Blanc Massif - Mont Blanc Group, Freynay Glacier
Mont Blanc Massif - Mont Blanc Group, Combalet Glacier
Mont Blanc Massif - Mont Blanc Group, Brenva Glacier
Mont Blanc Massif - Mont Blanc Group, Entrèves Glacier
Mont Blanc Massif - Mont Blanc Group, Toula/Toules Glacier
Mont Blanc Massif - Mont Blanc Group, Fréty/Mont Fréty Glacier
Mont Blanc Massif - Mont Blanc Group, Rochefort Glacier
Mont Blanc Massif - Mont Blanc Group, Planpansier/Planpincieux/Planpansière Glacier
Mont Blanc Massif - Mont Blanc Group, Pra Sec Glacier
Mont Blanc Massif - Mont Blanc Group, Tronchey Glacier
Mont Blanc Massif - Mont Blanc Group, Evêque Glacier
Mont Blanc Massif - Mont Blanc Group, Frébouze/Petites Jorasses/Frébuge Glacier
Mont Blanc Massif - Mont Blanc Group, Feraché Glacier
Mont Blanc Massif - Mont Blanc Group, Gruetta Glacier
Mont Blanc Massif - Mont Blanc Group, Triolet Glacier
Mont Blanc Massif - Mont Blanc Group, Pré de Bar/M. Dolent Glacier
Pennine Alps - Grand Golliaz Group, Malatrà Glacier
Pennine Alps - Grand Golliaz Group, Golliaz/Bosses Glacier
Pennine Alps - Grand Golliaz Group, Lesache Glacier
Pennine Alps - Vélan Brulé Cervino Group, Molaires Glacier
Pennine Alps - Vélan Brulé Cervino Group, Luisettes Glacier
Pennine Alps - Vélan Brulé Cervino Group, By Glacier
Pennine Alps - Vélan Brulé Cervino Group, Morion/Faudery Glacier
Pennine Alps - Vélan Brulé Cervino Group, Clapier Glacier
Pennine Alps - Vélan Brulé Cervino Group, Arolettta Glacier
Pennine Alps - Vélan Brulé Cervino Group, Chardonney Glacier
Pennine Alps - Vélan Brulé Cervino Group, Sassa Glacier
Pennine Alps - Vélan Brulé Cervino Group, Southern Oren Glacier
Pennine Alps - Vélan Brulé Cervino Group, Northern Oren Glacier
Pennine Alps - Vélan Brulé Cervino Group, Collon Glacier
Pennine Alps - Vélan Brulé Cervino Group, Braoulé Glacier
Pennine Alps - Vélan Brulé Cervino Group, High Tsa de Tsan Glacier
Pennine Alps - Vélan Brulé Cervino Group, Low Tsa de Tsan Glacier
Pennine Alps - Vélan Brulé Cervino Group, Grandes Murailles Glacier
Pennine Alps - Vélan Brulé Cervino Group, Petites Murailles Glacier
Pennine Alps - Vélan Brulé Cervino Group, Bella Tsa (or Piccolo Bella Tsa) Glacier
Pennine Alps - Vélan Brulé Cervino Group, Solatset Fontanella Glacier
Pennine Alps - Vélan Brulé Cervino Group, Dome de Tsan Glacier
Pennine Alps - Vélan Brulé Cervino Group, Chavacour Glacier
Pennine Alps - Vélan Brulé Cervino Group, Livournea Glacier
Pennine Alps - Vélan Brulé Cervino Group, Luseney Glacier
Pennine Alps - Vélan Brulé Cervino Group, Colle di Luseney Glacier
Pennine Alps - Vélan Brulé Cervino Group, Cian Glacier
Pennine Alps - Vélan Brulé Cervino Group, Roisette Glacier
Pennine Alps - Vélan Brulé Cervino Group, Vofrède Glacier
Pennine Alps - Vélan Brulé Cervino Group, Chateau des Dames Glacier
Pennine Alps - Vélan Brulé Cervino Group, Forca Glacier
Pennine Alps - Vélan Brulé Cervino Group, Montabel Glacier
Pennine Alps - Vélan Brulé Cervino Group, Chérillon Glacier
Pennine Alps - Vélan Brulé Cervino Group, Leone Glacier
Pennine Alps - Vélan Brulé Cervino Group, Cervino Glacier
Pennine Alps - Vélan Brulé Cervino Group, Furka Glacier
Pennine Alps - Monte Rosa Group (Subgroup Breithorn Castore), S. Teodulo Glacier
Pennine Alps - Monte Rosa Group (Subgroup Breithorn Castore), Valtournanche/Plan Tendre Glacier
Pennine Alps - Monte Rosa Group (Subgroup Breithorn Castore), Cermetta Glacier
Pennine Alps - Monte Rosa Group (Subgroup Breithorn Castore), Roisette Glacier
Pennine Alps - Monte Rosa Group (Subgroup Breithorn Castore), Small Tournalin Glacier
Pennine Alps - Monte Rosa Group (Subgroup Breithorn Castore), Large Tournalin Glacier
Pennine Alps - Monte Rosa Group (Subgroup Breithorn Castore), Ventina Glacier
Pennine Alps - Monte Rosa Group (Subgroup Breithorn Castore), Large Vera Glacier
Pennine Alps - Monte Rosa Group (Subgroup Breithorn Castore), Small Vera Glacier
Pennine Alps - Monte Rosa Group (Subgroup Breithorn Castore), Castore Glacier
Pennine Alps - Monte Rosa Group (Subgroup Breithorn Castore), Martelli Glacier
Pennine Alps - Monte Rosa Group (Subgroup Breithorn Castore), Perazzi Glacier
Pennine Alps - Monte Rosa Group (Subgroup Breithorn Castore), Saleron Glacier
Pennine Alps - Monte Rosa Group (Subgroup Breithorn Castore), Becca di Vlou Glacier
Pennine Alps - Monte Rosa Group (Subgroup Breithorn Castore), Rocca di Torché Glacier
Pennine Alps - Monte Rosa Group (Subgroup Breithorn Castore), Klein Marienhorn Glacier
Pennine Alps - Monte Rosa Group (Subgroup Breithorn Castore), Marienhorn M. Nery Glacier
Pennine Alps - Monte Rosa Group (Subgroup Breithorn Castore), Rothhorn Glacier
Pennine Alps - Monte Rosa Group (Subgroup Lyskamm M. Rosa Weissthor), Felik Glacier
Pennine Alps - Monte Rosa Group (Subgroup Lyskamm M. Rosa Weissthor), Lys Glacier
Pennine Alps - Monte Rosa Group (Subgroup Lyskamm M. Rosa Weissthor), Hohes Licht Glacier
Pennine Alps - Monte Rosa Group (Subgroup Lyskamm M. Rosa Weissthor), Garstelet Glacier
Pennine Alps - Monte Rosa Group (Subgroup Lyskamm M. Rosa Weissthor), Indren Glacier
Pennine Alps - Monte Rosa Group (Subgroup Lyskamm M. Rosa Weissthor), Schkeerpie Glacier
Pennine Alps - Monte Rosa Group (Subgroup Lyskamm M. Rosa Weissthor), Netscho Glacier
Pennine Alps - Monte Rosa Group (Subgroup Lyskamm M. Rosa Weissthor), Pujo Glacier
Pennine Alps - Monte Rosa Group (Subgroup Lyskamm M. Rosa Weissthor), Otro Glacier
Pennine Alps - Monte Rosa Group (Subgroup Lyskamm M. Rosa Weissthor), Bors Glacier
Pennine Alps - Monte Rosa Group (Subgroup Lyskamm M. Rosa Weissthor), Piode Glacier
Pennine Alps - Monte Rosa Group (Subgroup Lyskamm M. Rosa Weissthor), Pisse Glacier
Pennine Alps - Monte Rosa Group (Subgroup Lyskamm M. Rosa Weissthor), Parrot Glacier
Pennine Alps - Monte Rosa Group (Subgroup Lyskamm M. Rosa Weissthor), Sesia Glacier
Pennine Alps - Monte Rosa Group (Subgroup Lyskamm M. Rosa Weissthor), Vigne Glacier
Pennine Alps - Monte Rosa Group (Subgroup Lyskamm M. Rosa Weissthor), Southern Loccie Glacier
Pennine Alps - Monte Rosa Group (Subgroup Lyskamm M. Rosa Weissthor), Flua Glacier
Pennine Alps - Monte Rosa Group (Subgroup Lyskamm M. Rosa Weissthor), Faller Glacier
Pennine Alps - Monte Rosa Group (Subgroup Lyskamm M. Rosa Weissthor), Eastern Loccie Glacier
Pennine Alps - Monte Rosa Group (Subgroup Lyskamm M. Rosa Weissthor), Pizzo Bianco Glacier
Pennine Alps - Monte Rosa Group (Subgroup Lyskamm M. Rosa Weissthor), Northern Loccie Glacier
Pennine Alps - Monte Rosa Group (Subgroup Lyskamm M. Rosa Weissthor), Eastern M. Rosa/Macugnaga Glacier
Pennine Alps - Monte Rosa Group (Subgroup Lyskamm M. Rosa Weissthor), Jägerbücken/Nordend Glacier
Pennine Alps - Monte Rosa Group (Subgroup Lyskamm M. Rosa Weissthor), Macugnaga Glacier
Pennine Alps - Monte Rosa Group (Subgroup Lyskamm M. Rosa Weissthor), Filar Glacier
Pennine Alps - Monte Rosa Group (Subgroup Lyskamm M. Rosa Weissthor), Weissthor Glacier
Pennine Alps - Monte Rosa Group (Subgroup Lyskamm M. Rosa Weissthor), Jazzi Glacier
Pennine Alps - Monte Rosa Group (Subgroup Lyskamm M. Rosa Weissthor), High Roffel Glacier
Pennine Alps - Monte Rosa Group (Subgroup Lyskamm M. Rosa Weissthor), Low Roffel Glacier
Pennine Alps - Monte Rosa Group (Subgroup Lyskamm M. Rosa Weissthor), Seewinen Glacier
Pennine Alps - Andolla Laquin Group, Camposecco Glacier
Pennine Alps - Andolla Laquin Group, Southern Andolla Glacier
Pennine Alps - Andolla Laquin Group, Central Andolla Glacier
Pennine Alps - Andolla Laquin Group, Northern Andolla Glacier
Pennine Alps - Andolla Laquin Group, Gemein Alp Glacier
Pennine Alps - Andolla Laquin Group, South-eastern Weissmies/South Gemein Alp Laquin East Glacier
Pennine Alps - Andolla Laquin Group, Schienhorn Glacier
Pennine Alps - Andolla Laquin Group, Thali Glacier
Pennine Alps - Andolla Laquin Group, Laquin Glacier
Pennine Alps - Andolla Laquin Group, Hohlentrift Glacier
Pennine Alps - Andolla Laquin Group, Fletschorn Glacier
Pennine Alps - Andolla Laquin Group, Sibelonfuh Glacier
Pennine Alps - Andolla Laquin Group, Bodmer Glacier
Pennine Alps - Andolla Laquin Group, Rossboden Glacier
Pennine Alps - Andolla Laquin Group, Griesseren Glacier
Lepontine Alps - Leone Mottiscia Boccareccio Cervandone Group, Alpien Glacier
Lepontine Alps - Leone Mottiscia Boccareccio Cervandone Group, Aurona Glacier
Lepontine Alps - Leone Mottiscia Boccareccio Cervandone Group, Rebbio Glacier
Lepontine Alps - Leone Mottiscia Boccareccio Cervandone Group, Mottiscia Glacier
Lepontine Alps - Leone Mottiscia Boccareccio Cervandone Group, Southern Helsenhorn Glacier
Lepontine Alps - Leone Mottiscia Boccareccio Cervandone Group, Cervandone Glacier
Lepontine Alps - Leone Mottiscia Boccareccio Cervandone Group, Rossa Glacier
Lepontine Alps - Hohsand M. Giove Basodino Group, Arbola Glacier
Lepontine Alps - Hohsand M. Giove Basodino Group, Clogstafel Glacier
Lepontine Alps - Hohsand M. Giove Basodino Group, Forno Glacier
Lepontine Alps - Hohsand M. Giove Basodino Group, Lebendun Glacier
Lepontine Alps - Hohsand M. Giove Basodino Group, Ban Glacier
Lepontine Alps - Hohsand M. Giove Basodino Group, Hohsand Glacier
Lepontine Alps - Hohsand M. Giove Basodino Group, Siedel Glacier
Lepontine Alps - Hohsand M. Giove Basodino Group, Western Basódino Glacier
Lepontine Alps - Hohsand M. Giove Basodino Group, Antabbia Glacier
Lepontine Alps - Hohsand M. Giove Basodino Group, Eastern Basodino/Zotto Glacier
Lepontine Alps - Hohsand M. Giove Basodino Group, Eastern Kastel/Cavergno/Randinasco Glacier
Lepontine Alps - Hohsand M. Giove Basodino Group, Cavagnoli Glacier
Lepontine Alps - Ticino Alps Group, Crozolina Glacier
Lepontine Alps - Ticino Alps Group, Carra Glacier
Lepontine Alps - Ticino Alps Group, Ruvino Glacier
Lepontine Alps - Ticino Alps Group, Cristallina/Val Torta Glacier
Lepontine Alps - Ticino Alps Group, Valleggia Glacier
Lepontine Alps - Ticino Alps Group, Pizzo Rotondo Glacier
Lepontine Alps - Ticino Alps Group, Pesciora Glacier
Lepontine Alps - Ticino Alps Group, Western Pizzo Prevot Glacier
Lepontine Alps - Ticino Alps Group, Camadra Glacier
Lepontine Alps - Ticino Alps Group, Western Gaglianera Glacier
Lepontine Alps - Ticino Alps Group, Cagioni Glacier
Lepontine Alps - Ticino Alps Group, Western Plattenberg Glacier
Lepontine Alps - Ticino Alps Group, Val Scaradra Glacier
Lepontine Alps - Ticino Alps Group, Fornei Glacier
Lepontine Alps - Ticino Alps Group, Casiletto Glacier
Lepontine Alps - Ticino Alps Group, Bresciana Glacier
Lepontine Alps - Ticino Alps Group, Cadabbi Glacier
Lepontine Alps - Ticino Alps Group, Giumella Glacier
Lepontine Alps - Ticino Alps Group, Northern Piotta Glacier
Lepontine Alps - Ticino Alps Group, Southern Piotta Glacier
Lepontine Alps - Ticino Alps Group, Parete Glacier
Lepontine Alps - Ticino Alps Group, Pizzo delle Streghe Glacier
Lepontine Alps - Ticino Alps Group, Pizzo del Termine Glacier
Lepontine Alps - Ticino Alps Group, Frecione/Stabbio Glacier
Lepontine Alps - Ticino Alps Group, Muccia Glacier
Rhaetian Alps - Tambo Suretta Stella Group, Western Quadro Glacier
Rhaetian Alps - Tambo Suretta Stella Group, Western Sevino Glacier
Rhaetian Alps - Tambo Suretta Stella Group, Eastern Sevino Glacier
Rhaetian Alps - Tambo Suretta Stella Group, Northern Quadro Glacier
Rhaetian Alps - Tambo Suretta Stella Group, Val d'Oro Glacier
Rhaetian Alps - Tambo Suretta Stella Group, Pizzo Ferré Glacier
Rhaetian Alps - Tambo Suretta Stella Group, Val Loga Glacier
Rhaetian Alps - Tambo Suretta Stella Group, Spianata Glacier
Rhaetian Alps - Tambo Suretta Stella Group, Tamborello Glacier
Rhaetian Alps - Tambo Suretta Stella Group, Southern Suretta Glacier
Rhaetian Alps - Tambo Suretta Stella Group, Mortée Glacier
Rhaetian Alps - Tambo Suretta Stella Group, Pizzo Duana Glacier
Rhaetian Alps - Tambo Suretta Stella Group, Marozzo Glacier
Rhaetian Alps - Tambo Suretta Stella Group, M. Marcio Glacier
Rhaetian Alps - Tambo Suretta Stella Group, Groppera Glacier
Rhaetian Alps - Tambo Suretta Stella Group, North-eastern Pizzo Stella Glacier
Rhaetian Alps - Tambo Suretta Stella Group, Ponciagna Glacier
Rhaetian Alps - Tambo Suretta Stella Group, Pizzo Rosso Glacier
Rhaetian Alps - Badile Ferro Torrone Group (Valle Masino), Forno Glacier
Rhaetian Alps - Badile Ferro Torrone Group (Valle Masino), Bacone Vedretta
Rhaetian Alps - Badile Ferro Torrone Group (Valle Masino), Casnile Vedretta
Rhaetian Alps - Badile Ferro Torrone Group (Valle Masino), Cantone Vedretta
Rhaetian Alps - Badile Ferro Torrone Group (Valle Masino), Northern Castello Vedretta
Rhaetian Alps - Badile Ferro Torrone Group (Valle Masino), Southern Castello Vedretta
Rhaetian Alps - Badile Ferro Torrone Group (Valle Masino), Northern Zocca Vedretta
Rhaetian Alps - Badile Ferro Torrone Group (Valle Masino), Albigna Glacier
Rhaetian Alps - Badile Ferro Torrone Group (Valle Masino), Bondasca Vedretta
Rhaetian Alps - Badile Ferro Torrone Group (Valle Masino), Northern Gemelli Vedretta
Rhaetian Alps - Badile Ferro Torrone Group (Valle Masino), Northern Cengalo Vedretta
Rhaetian Alps - Badile Ferro Torrone Group (Valle Masino), Eastern Trubinasca Vedretta
Rhaetian Alps - Badile Ferro Torrone Group (Valle Masino), Western Trubinasca Vedretta
Rhaetian Alps - Badile Ferro Torrone Group (Valle Masino), Punta Vedretta
Rhaetian Alps - Badile Ferro Torrone Group (Valle Masino), Spassato Vedretta
Rhaetian Alps - Badile Ferro Torrone Group (Valle Masino), Manduino/Ladrogno Vedretta
Rhaetian Alps - Badile Ferro Torrone Group (Valle Masino), Ligoncio Vedretta
Rhaetian Alps - Badile Ferro Torrone Group (Valle Masino), Vecchia Vedretta
Rhaetian Alps - Badile Ferro Torrone Group (Valle Masino), Badile Vedretta
Rhaetian Alps - Badile Ferro Torrone Group (Valle Masino), Western Cengalo Vedretta
Rhaetian Alps - Badile Ferro Torrone Group (Valle Masino), Eastern Cengalo Vedretta
Rhaetian Alps - Badile Ferro Torrone Group (Valle Masino), Gemelli Vedretta
Rhaetian Alps - Badile Ferro Torrone Group (Valle Masino), Western Camerozzo Vedretta
Rhaetian Alps - Badile Ferro Torrone Group (Valle Masino), Eastern Camerozzo Vedretta
Rhaetian Alps - Badile Ferro Torrone Group (Valle Masino), Western Ferro Vedretta
Rhaetian Alps - Badile Ferro Torrone Group (Valle Masino), Central Ferro Vedretta
Rhaetian Alps - Badile Ferro Torrone Group (Valle Masino), Eastern Ferro Vedretta
Rhaetian Alps - Badile Ferro Torrone Group (Valle Masino), Southern Zocca Vedretta
Rhaetian Alps - Badile Ferro Torrone Group (Valle Masino), Rásica Vedretta
Rhaetian Alps - Badile Ferro Torrone Group (Valle Masino), Western Torrone Vedretta
Rhaetian Alps - Badile Ferro Torrone Group (Valle Masino), Central Torrone Vedretta
Rhaetian Alps - Badile Ferro Torrone Group (Valle Masino), Eastern Torrone Vedretta
Rhaetian Alps - Disgrazia Sissone Forno Group (eastern), Pioda Glacier
Rhaetian Alps - Disgrazia Sissone Forno Group (eastern), Predarossa Glacier
Rhaetian Alps - Disgrazia Sissone Forno Group (eastern), Cassandra Glacier
Rhaetian Alps - Disgrazia Sissone Forno Group (eastern), Sassersa Vedretta
Rhaetian Alps - Disgrazia Sissone Forno Group (eastern), Orsera Glacier
Rhaetian Alps - Disgrazia Sissone Forno Group (eastern), Ventina Glacier
Rhaetian Alps - Disgrazia Sissone Forno Group (eastern), Canalone della Vergine
Rhaetian Alps - Disgrazia Sissone Forno Group (eastern), Pizzo Ventina Vedretta
Rhaetian Alps - Disgrazia Sissone Forno Group (eastern), Disgrazia Glacier
Rhaetian Alps - Disgrazia Sissone Forno Group (eastern), Sissone Vedretta
Rhaetian Alps - Disgrazia Sissone Forno Group (eastern), Vazzeda/Valseda Vedretta
Rhaetian Alps - Disgrazia Sissone Forno Group (eastern), Eastern M. Rosso Vedretta
Rhaetian Alps - Bernina Pizzo Scalino Group, Fora Vedretta
Rhaetian Alps - Bernina Pizzo Scalino Group, Tre Moggie Vedretta
Rhaetian Alps - Bernina Pizzo Scalino Group, Lower Scerscen Vedretta
Rhaetian Alps - Bernina Pizzo Scalino Group, Upper Scerscen Vedretta
Rhaetian Alps - Bernina Pizzo Scalino Group, Caspoggio Vedretta
Rhaetian Alps - Bernina Pizzo Scalino Group, M. Sasso Moro Vedretta
Rhaetian Alps - Bernina Pizzo Scalino Group, Fellaria Glacier
Rhaetian Alps - Bernina Pizzo Scalino Group, Scalino/Canciano Glacier
Rhaetian Alps - Bernina Pizzo Scalino Group, Northern Cima di Painale Glacier
Rhaetian Alps - Bernina Pizzo Scalino Group, Western Cima di Painale Glacier
Rhaetian Alps - Bernina Pizzo Scalino Group, Gombaro Glacier
Rhaetian Alps - Bernina Pizzo Scalino Group, Val Molina Glacier
Rhaetian Alps - Bernina Pizzo Scalino Group, Calino/d'Ajada Glacier
Rhaetian Alps - Bernina Pizzo Scalino Group, Eastern Cima di Painale/Forame Glacier
Rhaetian Alps - Bernina Pizzo Scalino Group, Verona Glacier
Rhaetian Alps - Bernina Pizzo Scalino Group, Palù Glacier
Rhaetian Alps - Bernina Pizzo Scalino Group, Cambrena Vedretta
Rhaetian Alps - Lago Spalmo Piazzi Group (Val Grosina), Campo Vedretta
Rhaetian Alps - Lago Spalmo Piazzi Group (Val Grosina), Dugorale Vedretta
Rhaetian Alps - Lago Spalmo Piazzi Group (Val Grosina), Piazzi Vedretta
Rhaetian Alps - Lago Spalmo Piazzi Group (Val Grosina), Verva Vedretta
Rhaetian Alps - Lago Spalmo Piazzi Group (Val Grosina), Eastern Dosdé Vedretta
Rhaetian Alps - Lago Spalmo Piazzi Group (Val Grosina), Western Dosdé Vedretta
Rhaetian Alps - Lago Spalmo Piazzi Group (Val Grosina), Val Viola Vedretta
Rhaetian Alps - Lago Spalmo Piazzi Group (Val Grosina), Foscagno Vedretta
Rhaetian Alps - Ortles Gran Zebrù Cevedale S. Matteo Corno Tre Signori Group (Valtellina), Piano (Eben) Glacier (western branch)
Rhaetian Alps - Ortles Gran Zebrù Cevedale S. Matteo Corno Tre Signori Group (Valtellina), Vitelli Vedretta
Rhaetian Alps - Ortles Gran Zebrù Cevedale S. Matteo Corno Tre Signori Group (Valtellina), M. Cristallo Vedretta
Rhaetian Alps - Ortles Gran Zebrù Cevedale S. Matteo Corno Tre Signori Group (Valtellina), Campo Vedretta
Rhaetian Alps - Ortles Gran Zebrù Cevedale S. Matteo Corno Tre Signori Group (Valtellina), Camosci Vedretta
Rhaetian Alps - Ortles Gran Zebrù Cevedale S. Matteo Corno Tre Signori Group (Valtellina), Zebrù Vedretta
Rhaetian Alps - Ortles Gran Zebrù Cevedale S. Matteo Corno Tre Signori Group (Valtellina), Miniera Vedretta
Rhaetian Alps - Ortles Gran Zebrù Cevedale S. Matteo Corno Tre Signori Group (Valtellina), Castelli Vedretta
Rhaetian Alps - Ortles Gran Zebrù Cevedale S. Matteo Corno Tre Signori Group (Valtellina), Montagna Vecchia Vedretta
Rhaetian Alps - Ortles Gran Zebrù Cevedale S. Matteo Corno Tre Signori Group (Valtellina), Forà Vedretta
Rhaetian Alps - Ortles Gran Zebrù Cevedale S. Matteo Corno Tre Signori Group (Valtellina), Western Confinale Vedretta
Rhaetian Alps - Ortles Gran Zebrù Cevedale S. Matteo Corno Tre Signori Group (Valtellina), Eastern Confinale Vedretta
Rhaetian Alps - Ortles Gran Zebrù Cevedale S. Matteo Corno Tre Signori Group (Valtellina), Southern Cima del Forno Vedretta
Rhaetian Alps - Ortles Gran Zebrù Cevedale S. Matteo Corno Tre Signori Group (Valtellina), Northern Cedeh Vedretta
Rhaetian Alps - Ortles Gran Zebrù Cevedale S. Matteo Corno Tre Signori Group (Valtellina), Southern Cedeh Vedretta
Rhaetian Alps - Ortles Gran Zebrù Cevedale S. Matteo Corno Tre Signori Group (Valtellina), Pasquale Vedretta
Rhaetian Alps - Ortles Gran Zebrù Cevedale S. Matteo Corno Tre Signori Group (Valtellina), Rosole/Rossole Vedretta
Rhaetian Alps - Ortles Gran Zebrù Cevedale S. Matteo Corno Tre Signori Group (Valtellina), Western Mare Vedretta
Rhaetian Alps - Ortles Gran Zebrù Cevedale S. Matteo Corno Tre Signori Group (Valtellina), Forno Vedretta
Rhaetian Alps - Ortles Gran Zebrù Cevedale S. Matteo Corno Tre Signori Group (Valtellina), Forno Glacier
Rhaetian Alps - Ortles Gran Zebrù Cevedale S. Matteo Corno Tre Signori Group (Valtellina), S. Giacomo Vedretta
Rhaetian Alps - Ortles Gran Zebrù Cevedale S. Matteo Corno Tre Signori Group (Valtellina), Chiarena (or Cerena) Vedretta
Rhaetian Alps - Ortles Gran Zebrù Cevedale S. Matteo Corno Tre Signori Group (Valtellina), Tresero Vedretta
Rhaetian Alps - Ortles Gran Zebrù Cevedale S. Matteo Corno Tre Signori Group (Valtellina), Dosegù Vedretta
Rhaetian Alps - Ortles Gran Zebrù Cevedale S. Matteo Corno Tre Signori Group (Valtellina), Sforzellina Vedretta
Rhaetian Alps - Ortles Gran Zebrù Cevedale S. Matteo Corno Tre Signori Group (Valtellina), Western Corno dei Tre Signori Vedretta
Rhaetian Alps - Ortles Gran Zebrù Cevedale S. Matteo Corno Tre Signori Group (Valtellina), Southern Corno dei Tre Signori Vedretta
Rhaetian Alps - Sobretta Gavia Serottini Group, Gavia Vedretta
Rhaetian Alps - Sobretta Gavia Serottini Group, Eastern Sobretta Vedretta
Rhaetian Alps - Sobretta Gavia Serottini Group, Northern Sobretta Vedretta
Rhaetian Alps - Sobretta Gavia Serottini Group, Western Sobretta Vedretta
Rhaetian Alps - Sobretta Gavia Serottini Group, Vallaccetta Vedretta
Rhaetian Alps - Sobretta Gavia Serottini Group, Savoretta Vedretta
Rhaetian Alps - Sobretta Gavia Serottini Group, Monticello Vedretta
Rhaetian Alps - Gleno Redorta Diavolo Group (Bergamo Alps), Cagamei Vedretta
Rhaetian Alps - Gleno Redorta Diavolo Group (Bergamo Alps), Druito and Vagh Vedretta
Rhaetian Alps - Gleno Redorta Diavolo Group (Bergamo Alps), Fascere Vedretta
Rhaetian Alps - Gleno Redorta Diavolo Group (Bergamo Alps), Marovin Vedretta
Rhaetian Alps - Gleno Redorta Diavolo Group (Bergamo Alps), Lupo Vedretta
Rhaetian Alps - Gleno Redorta Diavolo Group (Bergamo Alps), Pioda Vedretta
Rhaetian Alps - Gleno Redorta Diavolo Group (Bergamo Alps), Rodes Vedretta
Rhaetian Alps - Gleno Redorta Diavolo Group (Bergamo Alps), Porola Vedretta
Rhaetian Alps - Gleno Redorta Diavolo Group (Bergamo Alps), Scais Vedretta
Rhaetian Alps - Gleno Redorta Diavolo Group (Bergamo Alps), Cantonazzo Vedretta
Rhaetian Alps - Gleno Redorta Diavolo Group (Bergamo Alps), Mottolone Vedretta
Rhaetian Alps - Gleno Redorta Diavolo Group (Bergamo Alps), Salto Vedretta
Rhaetian Alps - Gleno Redorta Diavolo Group (Bergamo Alps), Diavolo Vedretta
Rhaetian Alps - Gleno Redorta Diavolo Group (Bergamo Alps), Redorta Vedretta
Rhaetian Alps - Gleno Redorta Diavolo Group (Bergamo Alps), Secreto/Val Secreta Vedretta
Rhaetian Alps - Gleno Redorta Diavolo Group (Bergamo Alps), Trobio Vedretta
Rhaetian Alps - Adamello Group (Subgroup Baitone Rè di Castello), Cima Payer Vedretta
Rhaetian Alps - Adamello Group (Subgroup Baitone Rè di Castello), Eastern Pisgana Vedretta
Rhaetian Alps - Adamello Group (Subgroup Baitone Rè di Castello), Western Pisgana Vedretta
Rhaetian Alps - Adamello Group (Subgroup Baitone Rè di Castello), Salimmo Vedretta
Rhaetian Alps - Adamello Group (Subgroup Baitone Rè di Castello), Calotta Vedretta
Rhaetian Alps - Adamello Group (Subgroup Baitone Rè di Castello), Venerocolo (or Frati) Vedretta
Rhaetian Alps - Adamello Group (Subgroup Baitone Rè di Castello), Avio Vedretta
Rhaetian Alps - Adamello Group (Subgroup Baitone Rè di Castello), Plem Vedretta
Rhaetian Alps - Adamello Group (Subgroup Baitone Rè di Castello), Northern Baitone Vedretta
Rhaetian Alps - Adamello Group (Subgroup Baitone Rè di Castello), Giuello Vedretta
Rhaetian Alps - Adamello Group (Subgroup Baitone Rè di Castello), M. Avio Vedretta
Rhaetian Alps - Adamello Group (Subgroup Baitone Rè di Castello), Aviolo Vedretta
Rhaetian Alps - Adamello Group (Subgroup Baitone Rè di Castello), Gallinera I Vedretta
Rhaetian Alps - Adamello Group (Subgroup Baitone Rè di Castello), Gallinera II Vedretta
Rhaetian Alps - Adamello Group (Subgroup Baitone Rè di Castello), Gallinera III Vedretta
Rhaetian Alps - Adamello Group (Subgroup Baitone Rè di Castello), Gallinera IV Vedretta
Rhaetian Alps - Adamello Group (Subgroup Baitone Rè di Castello), Bombia Vedretta
Rhaetian Alps - Adamello Group (Subgroup Baitone Rè di Castello), Southern Baitone Vedretta
Rhaetian Alps - Adamello Group (Subgroup Baitone Rè di Castello), Plem di Mezzo Vedretta
Rhaetian Alps - Adamello Group (Subgroup Baitone Rè di Castello), Northern Miller Vedretta
Rhaetian Alps - Adamello Group (Subgroup Baitone Rè di Castello), Southern Miller Vedretta
Rhaetian Alps - Adamello Group (Subgroup Baitone Rè di Castello), Remulo Vedretta
Rhaetian Alps - Adamello Group (Subgroup Baitone Rè di Castello), Corno Remulo Vedretta
Rhaetian Alps - Adamello Group (Subgroup Baitone Rè di Castello), Salarno Vedretta
Rhaetian Alps - Adamello Group (Subgroup Baitone Rè di Castello), Pian di Neve Vedretta
Rhaetian Alps - Adamello Group (Subgroup Baitone Rè di Castello), Gioia Vedretta
Rhaetian Alps - Adamello Group (Subgroup Baitone Rè di Castello), Poia Vedretta
Rhaetian Alps - Adamello Group (Subgroup Baitone Rè di Castello), Adamé Vedretta
Rhaetian Alps - Adamello Group (Subgroup Baitone Rè di Castello), Levade Vedretta
Rhaetian Alps - Adamello Group (Subgroup Baitone Rè di Castello), Porta Vedretta
Rhaetian Alps - Adamello Group (Subgroup Baitone Rè di Castello), Buciaga Vedretta
Rhaetian Alps - Adamello Group (Subgroup Baitone Rè di Castello), Saviore Vedretta
Rhaetian Alps - Adamello Group (Subgroup Baitone Rè di Castello), Frisozzo Vedretta
Rhaetian Alps - Adamello Group (Subgroup Baitone Rè di Castello), Western Fumo Vedretta
Rhaetian Alps - Adamello Group (Subgroup Baitone Rè di Castello), Eastern Fumo Vedretta
Rhaetian Alps - Adamello Group (Subgroup Baitone Rè di Castello), Cavento Vedretta
Rhaetian Alps - Adamello Group (Subgroup Baitone Rè di Castello), Northern Folletto Vedretta
Rhaetian Alps - Adamello Group (Subgroup Baitone Rè di Castello), Southern Folletto Vedretta
Rhaetian Alps - Adamello Group (Subgroup Baitone Rè di Castello), Western Caré Alto Vedretta
Rhaetian Alps - Adamello Group (Subgroup Baitone Rè di Castello), Col di Mezzo Vedretta
Rhaetian Alps - Adamello Group (Subgroup Baitone Rè di Castello), Cop di Casa Vedretta
Rhaetian Alps - Adamello Group (Subgroup Baitone Rè di Castello), Breguzzo Vedretta
Rhaetian Alps - Adamello Group (Subgroup Baitone Rè di Castello), Danerba Vedretta
Rhaetian Alps - Adamello Group (Subgroup Baitone Rè di Castello), Eastern Bissina Vedretta
Rhaetian Alps - Adamello Group (Subgroup Baitone Rè di Castello), Western Bissina Vedretta
Rhaetian Alps - Adamello Group (Subgroup Baitone Rè di Castello), Latola Vedretta
Rhaetian Alps - Adamello Group (Subgroup Baitone Rè di Castello), Valbona Vedretta
Rhaetian Alps - Adamello Group (Subgroup Baitone Rè di Castello), Eastern Caré Alto Vedretta
Rhaetian Alps - Adamello Group (Subgroup Baitone Rè di Castello), Niscli Vedretta
Rhaetian Alps - Adamello Group (Subgroup Baitone Rè di Castello), Lares Vedretta
Rhaetian Alps - Adamello Group (Subgroup Baitone Rè di Castello), Fargorida Vedretta
Rhaetian Alps - Adamello Group (Subgroup Baitone Rè di Castello), Lobbia Vedretta
Rhaetian Alps - Adamello Group (Subgroup Baitone Rè di Castello), Mandrone Vedretta
Rhaetian Alps - Presanella Group, Cercen Vedretta
Rhaetian Alps - Presanella Group, Western Nardis Vedretta
Rhaetian Alps - Presanella Group, Eastern Nardis Vedretta
Rhaetian Alps - Presanella Group, M. Nero Vedretta
Rhaetian Alps - Presanella Group, Amola Vedretta
Rhaetian Alps - Presanella Group, Cornisello Vedretta
Rhaetian Alps - Presanella Group, Baselga Vedretta
Rhaetian Alps - Presanella Group, Giner Vedretta
Rhaetian Alps - Presanella Group, Pali Vedretta
Rhaetian Alps - Presanella Group, Scarpaed Vedretta
Rhaetian Alps - Presanella Group, Passo d'Amola Vedretta
Rhaetian Alps - Presanella Group, Presanella Vedretta
Rhaetian Alps - Presanella Group, Eastern Busazza Vedretta
Rhaetian Alps - Presanella Group, Western Busazza Vedretta
Rhaetian Alps - Presanella Group, Eastern Presena Vedretta
Rhaetian Alps - Presanella Group, Western Presena Vedretta
Rhaetian Alps - Brenta Group, Vallesinella Vedretta
Rhaetian Alps - Brenta Group, Lower Brenta Vedretta
Rhaetian Alps - Brenta Group, Tuckett Vedretta
Rhaetian Alps - Brenta Group, Upper Brenta Vedretta
Rhaetian Alps - Brenta Group, Brentei Vedretta
Rhaetian Alps - Brenta Group, Fulmini Vedretta
Rhaetian Alps - Brenta Group, Crozzon Vedretta
Rhaetian Alps - Brenta Group, Camosci Vedretta
Rhaetian Alps - Brenta Group, Agola Vedretta
Rhaetian Alps - Brenta Group, Pra Fiorito Vedretta
Rhaetian Alps - Brenta Group, Dodici Apostoli Vedretta
Rhaetian Alps - Brenta Group, Ambies Vedretta
Rhaetian Alps - Brenta Group, Lower Tosa Vedretta
Rhaetian Alps - Brenta Group, Upper Tosa Vedretta
Rhaetian Alps - Brenta Group, Roma Vedretta
Rhaetian Alps - Brenta Group, Flavona Vedretta
Rhaetian Alps - Corno dei Tre Signori Cevedale S. Matteo Cima Venezia Sternai Group (Trentino slope), North-eastern C. dei Tre Signori Vedretta
Rhaetian Alps - Corno dei Tre Signori Cevedale S. Matteo Cima Venezia Sternai Group (Trentino slope), Vallacorna Vedretta
Rhaetian Alps - Corno dei Tre Signori Cevedale S. Matteo Cima Venezia Sternai Group (Trentino slope), Valpiana Vedretta
Rhaetian Alps - Corno dei Tre Signori Cevedale S. Matteo Cima Venezia Sternai Group (Trentino slope), Southern S. Matteo Vedretta
Rhaetian Alps - Corno dei Tre Signori Cevedale S. Matteo Cima Venezia Sternai Group (Trentino slope), Orsi Vedretta
Rhaetian Alps - Corno dei Tre Signori Cevedale S. Matteo Cima Venezia Sternai Group (Trentino slope), Cadini Vedretta
Rhaetian Alps - Corno dei Tre Signori Cevedale S. Matteo Cima Venezia Sternai Group (Trentino slope), Taviela Vedretta
Rhaetian Alps - Corno dei Tre Signori Cevedale S. Matteo Cima Venezia Sternai Group (Trentino slope), Saline Vedretta
Rhaetian Alps - Corno dei Tre Signori Cevedale S. Matteo Cima Venezia Sternai Group (Trentino slope), Vioz Vedretta
Rhaetian Alps - Corno dei Tre Signori Cevedale S. Matteo Cima Venezia Sternai Group (Trentino slope), Zampil Vedretta
Rhaetian Alps - Corno dei Tre Signori Cevedale S. Matteo Cima Venezia Sternai Group (Trentino slope), Vallenaja Vedretta
Rhaetian Alps - Corno dei Tre Signori Cevedale S. Matteo Cima Venezia Sternai Group (Trentino slope), Rossa Vedretta
Rhaetian Alps - Corno dei Tre Signori Cevedale S. Matteo Cima Venezia Sternai Group (Trentino slope), Venezia Vedretta
Rhaetian Alps - Corno dei Tre Signori Cevedale S. Matteo Cima Venezia Sternai Group (Trentino slope), Eastern la mare Vedretta
Rhaetian Alps - Corno dei Tre Signori Cevedale S. Matteo Cima Venezia Sternai Group (Trentino slope), Marmotta Vedretta
Rhaetian Alps - Corno dei Tre Signori Cevedale S. Matteo Cima Venezia Sternai Group (Trentino slope), Careser Vedretta
Rhaetian Alps - Corno dei Tre Signori Cevedale S. Matteo Cima Venezia Sternai Group (Trentino slope), Cavajon Vedretta
Rhaetian Alps - Corno dei Tre Signori Cevedale S. Matteo Cima Venezia Sternai Group (Trentino slope), Carburida Vedretta
Rhaetian Alps - Corno dei Tre Signori Cevedale S. Matteo Cima Venezia Sternai Group (Trentino slope), Cima Rossa Vedretta
Rhaetian Alps - Corno dei Tre Signori Cevedale S. Matteo Cima Venezia Sternai Group (Trentino slope), Saent Vedretta
Rhaetian Alps - Corno dei Tre Signori Cevedale S. Matteo Cima Venezia Sternai Group (Trentino slope), Rabbi Vedretta
Rhaetian Alps - Corno dei Tre Signori Cevedale S. Matteo Cima Venezia Sternai Group (Trentino slope), Sternai Vedretta
Rhaetian Alps - Corno dei Tre Signori Cevedale S. Matteo Cima Venezia Sternai Group (Trentino slope), Eggen Vedretta
Rhaetian Alps - Ortles Gran Zebrù Vertana Angelo Cevedale Cima Venezia Sternai Hasenohr Group (Atesino slope), Fontana Bianca (Weissbrunn) Glacier
Rhaetian Alps - Ortles Gran Zebrù Vertana Angelo Cevedale Cima Venezia Sternai Hasenohr Group (Atesino slope), Southern Gioveretto (Zufritt) Glacier
Rhaetian Alps - Ortles Gran Zebrù Vertana Angelo Cevedale Cima Venezia Sternai Hasenohr Group (Atesino slope), Pracúpola (Kuppelwieser) Glacier
Rhaetian Alps - Ortles Gran Zebrù Vertana Angelo Cevedale Cima Venezia Sternai Hasenohr Group (Atesino slope), Hasenohr/Maso (Schmiedhof) Glacier
Rhaetian Alps - Ortles Gran Zebrù Vertana Angelo Cevedale Cima Venezia Sternai Hasenohr Group (Atesino slope), Soy Glacier
Rhaetian Alps - Ortles Gran Zebrù Vertana Angelo Cevedale Cima Venezia Sternai Hasenohr Group (Atesino slope), Upper Gioveretto (Ober Zufritt) Glacier
Rhaetian Alps - Ortles Gran Zebrù Vertana Angelo Cevedale Cima Venezia Sternai Hasenohr Group (Atesino slope), Lower Gioveretto (Unter Zufritt) Glacier
Rhaetian Alps - Ortles Gran Zebrù Vertana Angelo Cevedale Cima Venezia Sternai Hasenohr Group (Atesino slope), Eastern Monache (Nonnen) Glacier
Rhaetian Alps - Ortles Gran Zebrù Vertana Angelo Cevedale Cima Venezia Sternai Hasenohr Group (Atesino slope), Central Monache (Nonnen) Glacier
Rhaetian Alps - Ortles Gran Zebrù Vertana Angelo Cevedale Cima Venezia Sternai Hasenohr Group (Atesino slope), Western Monache (Nonnen) Glacier
Rhaetian Alps - Ortles Gran Zebrù Vertana Angelo Cevedale Cima Venezia Sternai Hasenohr Group (Atesino slope), Saént (Sallent) Glacier
Rhaetian Alps - Ortles Gran Zebrù Vertana Angelo Cevedale Cima Venezia Sternai Hasenohr Group (Atesino slope), Graines (Gramsen) Glacier
Rhaetian Alps - Ortles Gran Zebrù Vertana Angelo Cevedale Cima Venezia Sternai Hasenohr Group (Atesino slope), Serana (Schran) Glacier
Rhaetian Alps - Ortles Gran Zebrù Vertana Angelo Cevedale Cima Venezia Sternai Hasenohr Group (Atesino slope), Ultimo (Ultenmarkt) Glacier
Rhaetian Alps - Ortles Gran Zebrù Vertana Angelo Cevedale Cima Venezia Sternai Hasenohr Group (Atesino slope), High (Hohen) Glacier
Rhaetian Alps - Ortles Gran Zebrù Vertana Angelo Cevedale Cima Venezia Sternai Hasenohr Group (Atesino slope), Forcola (Fürkele) Glacier
Rhaetian Alps - Ortles Gran Zebrù Vertana Angelo Cevedale Cima Venezia Sternai Hasenohr Group (Atesino slope), Cevedale (Zufall) Glacier
Rhaetian Alps - Ortles Gran Zebrù Vertana Angelo Cevedale Cima Venezia Sternai Hasenohr Group (Atesino slope), Lunga (Langhen F.) Vedretta
Rhaetian Alps - Ortles Gran Zebrù Vertana Angelo Cevedale Cima Venezia Sternai Hasenohr Group (Atesino slope), Lago Gelato Glacier
Rhaetian Alps - Ortles Gran Zebrù Vertana Angelo Cevedale Cima Venezia Sternai Hasenohr Group (Atesino slope), Pozzo (Butzen) Glacier
Rhaetian Alps - Ortles Gran Zebrù Vertana Angelo Cevedale Cima Venezia Sternai Hasenohr Group (Atesino slope), Peder di dentro Glacier
Rhaetian Alps - Ortles Gran Zebrù Vertana Angelo Cevedale Cima Venezia Sternai Hasenohr Group (Atesino slope), Mezzo Glacier
Rhaetian Alps - Ortles Gran Zebrù Vertana Angelo Cevedale Cima Venezia Sternai Hasenohr Group (Atesino slope), Fuori Glacier
Rhaetian Alps - Ortles Gran Zebrù Vertana Angelo Cevedale Cima Venezia Sternai Hasenohr Group (Atesino slope), Lisi Glacier
Rhaetian Alps - Ortles Gran Zebrù Vertana Angelo Cevedale Cima Venezia Sternai Hasenohr Group (Atesino slope), Sluder (Schluder) Glacier
Rhaetian Alps - Ortles Gran Zebrù Vertana Angelo Cevedale Cima Venezia Sternai Hasenohr Group (Atesino slope), Cavolano (Göflan) Glacier
Rhaetian Alps - Ortles Gran Zebrù Vertana Angelo Cevedale Cima Venezia Sternai Hasenohr Group (Atesino slope), Lasa (Laaser) Glacier
Rhaetian Alps - Ortles Gran Zebrù Vertana Angelo Cevedale Cima Venezia Sternai Hasenohr Group (Atesino slope), Angelo (Angelus) Glacier
Rhaetian Alps - Ortles Gran Zebrù Vertana Angelo Cevedale Cima Venezia Sternai Hasenohr Group (Atesino slope), Forno (Ofenwand) Glacier
Rhaetian Alps - Ortles Gran Zebrù Vertana Angelo Cevedale Cima Venezia Sternai Hasenohr Group (Atesino slope), Cèngles (Tschenglser) Glacier
Rhaetian Alps - Ortles Gran Zebrù Vertana Angelo Cevedale Cima Venezia Sternai Hasenohr Group (Atesino slope), Northern Zay Glacier
Rhaetian Alps - Ortles Gran Zebrù Vertana Angelo Cevedale Cima Venezia Sternai Hasenohr Group (Atesino slope), Southern Zay Glacier
Rhaetian Alps - Ortles Gran Zebrù Vertana Angelo Cevedale Cima Venezia Sternai Hasenohr Group (Atesino slope), Rosin/Rosim Glacier
Rhaetian Alps - Ortles Gran Zebrù Vertana Angelo Cevedale Cima Venezia Sternai Hasenohr Group (Atesino slope), Laste (Platten) Glacier
Rhaetian Alps - Ortles Gran Zebrù Vertana Angelo Cevedale Cima Venezia Sternai Hasenohr Group (Atesino slope), Northern Beltovo (Schöntauf) Glacier
Rhaetian Alps - Ortles Gran Zebrù Vertana Angelo Cevedale Cima Venezia Sternai Hasenohr Group (Atesino slope), Southern Beltovo (Schöntauf) Glacier
Rhaetian Alps - Ortles Gran Zebrù Vertana Angelo Cevedale Cima Venezia Sternai Hasenohr Group (Atesino slope), Madriccio (Ebenwand) Glacier
Rhaetian Alps - Ortles Gran Zebrù Vertana Angelo Cevedale Cima Venezia Sternai Hasenohr Group (Atesino slope), Sulden Glacier
Rhaetian Alps - Ortles Gran Zebrù Vertana Angelo Cevedale Cima Venezia Sternai Hasenohr Group (Atesino slope), Königswand Glacier
Rhaetian Alps - Ortles Gran Zebrù Vertana Angelo Cevedale Cima Venezia Sternai Hasenohr Group (Atesino slope), Payer Glacier
Rhaetian Alps - Ortles Gran Zebrù Vertana Angelo Cevedale Cima Venezia Sternai Hasenohr Group (Atesino slope), Capo del Mondo (End der Welt) Glacier
Rhaetian Alps - Ortles Gran Zebrù Vertana Angelo Cevedale Cima Venezia Sternai Hasenohr Group (Atesino slope), Marlet (Marlt) Glacier
Rhaetian Alps - Ortles Gran Zebrù Vertana Angelo Cevedale Cima Venezia Sternai Hasenohr Group (Atesino slope), Tabaretta Glacier
Rhaetian Alps - Ortles Gran Zebrù Vertana Angelo Cevedale Cima Venezia Sternai Hasenohr Group (Atesino slope), Upper Ortles Glacier
Rhaetian Alps - Ortles Gran Zebrù Vertana Angelo Cevedale Cima Venezia Sternai Hasenohr Group (Atesino slope), Cerchio dell'Ortles Glacier
Rhaetian Alps - Ortles Gran Zebrù Vertana Angelo Cevedale Cima Venezia Sternai Hasenohr Group (Atesino slope), Lower Ortles Glacier
Rhaetian Alps - Ortles Gran Zebrù Vertana Angelo Cevedale Cima Venezia Sternai Hasenohr Group (Atesino slope), Trafoi Glacier
Rhaetian Alps - Ortles Gran Zebrù Vertana Angelo Cevedale Cima Venezia Sternai Hasenohr Group (Atesino slope), Baite (Tuckett) Glacier
Rhaetian Alps - Ortles Gran Zebrù Vertana Angelo Cevedale Cima Venezia Sternai Hasenohr Group (Atesino slope), Madaccio (Madatsch) Glacier
Rhaetian Alps - Ortles Gran Zebrù Vertana Angelo Cevedale Cima Venezia Sternai Hasenohr Group (Atesino slope), Piano (Eben) Glacier
Central Eastern Alps - Ötztal and Passirie Alps Group, Val China (Falgin) Glacier
Central Eastern Alps - Ötztal and Passirie Alps Group, Mulenza (Mühlens) Glacier
Central Eastern Alps - Ötztal and Passirie Alps Group, Croda (Gepatsch) Glacier
Central Eastern Alps - Ötztal and Passirie Alps Group, Western Vallelunga (Langtauferer) Glacier
Central Eastern Alps - Ötztal and Passirie Alps Group, Barbadorso (Bärenbart) Glacier
Central Eastern Alps - Ötztal and Passirie Alps Group, Fontana (Freibrunner) Glacier
Central Eastern Alps - Ötztal and Passirie Alps Group, Fossalunga (Langgrub) Glacier
Central Eastern Alps - Ötztal and Passirie Alps Group, Cima Rossa (Rotheben) Glacier
Central Eastern Alps - Ötztal and Passirie Alps Group, Valbenair (Valbanair) Glacier
Central Eastern Alps - Ötztal and Passirie Alps Group, Plagnólo (Planail) Glacier
Central Eastern Alps - Ötztal and Passirie Alps Group, Valbella (Valvel) Glacier
Central Eastern Alps - Ötztal and Passirie Alps Group, Forca (Gabel) Glacier
Central Eastern Alps - Ötztal and Passirie Alps Group, Mazia (Matscher) Glacier
Central Eastern Alps - Ötztal and Passirie Alps Group, Western Oberettes Glacier
Central Eastern Alps - Ötztal and Passirie Alps Group, Western Fossalunga (Langgrub) Glacier
Central Eastern Alps - Ötztal and Passirie Alps Group, Saldura (Salurn) Glacier
Central Eastern Alps - Ötztal and Passirie Alps Group, Ramudla/Ramudel Glacier
Central Eastern Alps - Ötztal and Passirie Alps Group, Lagánn (Lagaun) Glacier
Central Eastern Alps - Ötztal and Passirie Alps Group, Lazaun Glacier
Central Eastern Alps - Ötztal and Passirie Alps Group, Eastern Fossalunga (Lenggrub) Glacier
Central Eastern Alps - Ötztal and Passirie Alps Group, Eastern Oberettes (Schwemser) Glacier
Central Eastern Alps - Ötztal and Passirie Alps Group, Cavallo (Rossmurt) Glacier
Central Eastern Alps - Ötztal and Passirie Alps Group, Frane (Steinschlag) Glacier
Central Eastern Alps - Ötztal and Passirie Alps Group, Giogo Alto (Hochjoch F.) Glacier (south-western flow)
Central Eastern Alps - Ötztal and Passirie Alps Group, Finale (Finail) Glacier
Central Eastern Alps - Ötztal and Passirie Alps Group, Tisa (Tisen) Glacier
Central Eastern Alps - Ötztal and Passirie Alps Group, Similaun Glacier
Central Eastern Alps - Ötztal and Passirie Alps Group, Grava (Graf) Glacier
Central Eastern Alps - Ötztal and Passirie Alps Group, Piano (Stock) Glacier
Central Eastern Alps - Ötztal and Passirie Alps Group, Sara (Schaf) Glacier
Central Eastern Alps - Ötztal and Passirie Alps Group, Right Fosse (Pfossen) Glacier
Central Eastern Alps - Ötztal and Passirie Alps Group, Fanat Glacier
Central Eastern Alps - Ötztal and Passirie Alps Group, Altissima (Kessel) Glacier
Central Eastern Alps - Ötztal and Passirie Alps Group, Bianca (Hohe Weiss) Glacier
Central Eastern Alps - Ötztal and Passirie Alps Group, Fosse (Graben) Glacier
Central Eastern Alps - Ötztal and Passirie Alps Group, Ceppo (Schrotten) Glacier
Central Eastern Alps - Ötztal and Passirie Alps Group, Western Riotorbo Glacier
Central Eastern Alps - Ötztal and Passirie Alps Group, Rotwand Glacier
Central Eastern Alps - Ötztal and Passirie Alps Group, Tessa (Texel) Glacier
Central Eastern Alps - Ötztal and Passirie Alps Group, Albeluccio (Alpletsch) Glacier
Central Eastern Alps - Ötztal and Passirie Alps Group, Bankknott Glacier
Central Eastern Alps - Ötztal and Passirie Alps Group, Catino (Kessel) Glacier
Central Eastern Alps - Ötztal and Passirie Alps Group, Muta (Muther) Glacier
Central Eastern Alps - Ötztal and Passirie Alps Group, Bircher Glacier
Central Eastern Alps - Ötztal and Passirie Alps Group, Costa dei Cavalli (Gfalleit) Glacier
Central Eastern Alps - Ötztal and Passirie Alps Group, Fosse (Grubplatten) Glacier
Central Eastern Alps - Ötztal and Passirie Alps Group, Monterosso (Rotheck) Glacier
Central Eastern Alps - Ötztal and Passirie Alps Group, Eastern Riotorbo (Trub) Glacier
Central Eastern Alps - Ötztal and Passirie Alps Group, Western Cima Fiammante (Lodner) Glacier
Central Eastern Alps - Ötztal and Passirie Alps Group, Uls (Ulsen) Glacier
Central Eastern Alps - Ötztal and Passirie Alps Group, Lazirs (Hafner) Glacier
Central Eastern Alps - Ötztal and Passirie Alps Group, Andala (Andels) Glacier
Central Eastern Alps - Ötztal and Passirie Alps Group, Hochfirst Glacier
Central Eastern Alps - Ötztal and Passirie Alps Group, Lasa (Lasaun) Glacier
Central Eastern Alps - Ötztal and Passirie Alps Group, Grava (Graf) Glacier
Central Eastern Alps - Ötztal and Passirie Alps Group, Campo di Sabbia (Sandfeld) Glacier
Central Eastern Alps - Ötztal and Passirie Alps Group, Eastern Lago (Seeber) Glacier
Central Eastern Alps - Ötztal and Passirie Alps Group, Central Lago (Seeber) Glacier
Central Eastern Alps - Ötztal and Passirie Alps Group, Western Lago (Seeber) Glacier
Central Eastern Alps - Ötztal and Passirie Alps Group, Granate (Granaten) Glacier
Central Eastern Alps - Stubai Alps Group, M. Agnello (Hohl/Kitzkogl) Glacier
Central Eastern Alps - Stubai Alps Group, Croda Nera (Schwarzwand) Glacier
Central Eastern Alps - Stubai Alps Group, Alto (Hoch) Glacier
Central Eastern Alps - Stubai Alps Group, Nero (Schwarzspitz) Glacier
Central Eastern Alps - Stubai Alps Group, Lago Nero (Schwarzsee) Glacier
Central Eastern Alps - Stubai Alps Group, Luzzago (Lazzacher) Glacier
Central Eastern Alps - Stubai Alps Group, Erpice (Senner-Egeten) Glacier
Central Eastern Alps - Stubai Alps Group, Nock Glacier
Central Eastern Alps - Stubai Alps Group, Izer Glacier
Central Eastern Alps - Stubai Alps Group, Capro (Botzer) Glacier
Central Eastern Alps - Stubai Alps Group, Malavalle (Übelthal) Glacier
Central Eastern Alps - Stubai Alps Group, Piano (Ebener) Glacier
Central Eastern Alps - Stubai Alps Group, Geisswand Glacier
Central Eastern Alps - Stubai Alps Group, Pendente Vedretta (Hangender Feuerstein)
Central Eastern Alps - Stubai Alps Group, Gavignes (Gwinges) Glacier
Central Eastern Alps - Stubai Alps Group, Gruneser Glacier
Central Eastern Alps - Stubai Alps Group, Montarso (Pflerscher-Feuerstein) Glacier
Central Eastern Alps - Stubai Alps Group, Stua (Stuben) Glacier
Central Eastern Alps - Zillertal Alps Group, Oberbergkees Glacier
Central Eastern Alps - Zillertal Alps Group, Hochferner Glacier
Central Eastern Alps - Zillertal Alps Group, Quàira Bianca (Wild Weisskaar) Glacier
Central Eastern Alps - Zillertal Alps Group, Gran Pilastro (Glieder) Glacier
Central Eastern Alps - Zillertal Alps Group, Western Punta Bianca (Weisszint) Glacier
Central Eastern Alps - Zillertal Alps Group, Eastern Punta Bianca (Weisszint) Glacier
Central Eastern Alps - Zillertal Alps Group, Western Neves (Mutnok) Glacier
Central Eastern Alps - Zillertal Alps Group, Central Neves (Ursprung) Glacier
Central Eastern Alps - Zillertal Alps Group, Eastern Neves (Evis) Glacier
Central Eastern Alps - Zillertal Alps Group, Dentro (Trattenbach) Glacier
Central Eastern Alps - Zillertal Alps Group, Mezzo (Mitterbach) Glacier
Central Eastern Alps - Zillertal Alps Group, Rio Nero (Schwarzenbach) Glacier
Central Eastern Alps - Zillertal Alps Group, Rio Rosso (Rothbach) Glacier
Central Eastern Alps - Zillertal Alps Group, Riotorbo (Trippbach) Glacier
Central Eastern Alps - Zillertal Alps Group, Rio Franco (Frankbach) Glacier
Central Eastern Alps - Zillertal Alps Group, Rio del Conio (Keilbach) Glacier
Central Eastern Alps - Zillertal Alps Group, Rio di Valle (Wollbach) Glacier
Central Eastern Alps - Zillertal Alps Group, Gries (Griesbach) Glacier
Central Eastern Alps - Pusteria Alps Group, Predói (Prettau) Glacier
Central Eastern Alps - Pusteria Alps Group, Lana (Lahner) Glacier
Central Eastern Alps - Pusteria Alps Group, Svolta (Kehrer) Glacier
Central Eastern Alps - Pusteria Alps Group, Piè di Cavallo (Rosshuf) Glacier
Central Eastern Alps - Pusteria Alps Group, Val del Vento (Windthal) Glacier
Central Eastern Alps - Pusteria Alps Group, Monte Riva (Rainhart) Glacier
Central Eastern Alps - Pusteria Alps Group, Eastern Pizzo Rosso (Roth) Glacier
Central Eastern Alps - Pusteria Alps Group, Western Pizzo Rosso (Roth) Glacier
Central Eastern Alps - Pusteria Alps Group, Valle Rossa (Rothfleck) Glacier
Central Eastern Alps - Pusteria Alps Group, Merb Glacier
Central Eastern Alps - Pusteria Alps Group, Pizzo Lungo (Leng Sp.) Glacier
Central Eastern Alps - Pusteria Alps Group, Alprè (Alprech) Glacier
Central Eastern Alps - Pusteria Alps Group, Chiusa (Klausen) Glacier
Central Eastern Alps - Pusteria Alps Group, Cima Dura (Durreck) Glacier
Central Eastern Alps - Pusteria Alps Group, Sasso Rosso (Rothstein) Glacier
Central Eastern Alps - Pusteria Alps Group, Riva (Bachern) Glacier
Central Eastern Alps - Pusteria Alps Group, Pizzo Muela (Mukla Sp.) Glacier
Central Eastern Alps - Pusteria Alps Group, Croda di Sasso Lungo (Lenkstein Wand) Glacier
Central Eastern Alps - Pusteria Alps Group, Eastern Sasso Lungo (Lenkstein) Glacier
Central Eastern Alps - Pusteria Alps Group, Western Sasso Lungo (Lenkstein) Glacier
Central Eastern Alps - Pusteria Alps Group, Coll'Alto (Hoch Gall) Glacier
Central Eastern Alps - Pusteria Alps Group, Giganti (Rieser) Glacier
Central Eastern Alps - Pusteria Alps Group, Monte Covóni (Tristen) Glacier
Central Eastern Alps - Pusteria Alps Group, Monte Nevoso (Schneebiges Nock) Glacier
Central Eastern Alps - Pusteria Alps Group, Northern Valfredda (Geltthal) Glacier
Central Eastern Alps - Pusteria Alps Group, Southern Valfredda (Geltthal) Glacier
Central Eastern Alps - Pusteria Alps Group, Casavecchia (Althaus) Glacier
Venetian Alps - Cristallo Group, Popena Glacier
Venetian Alps - Cristallo Group, Cristallo Glacier
Venetian Alps - Cristallo Group, Cresta Bianca Glacier
Venetian Alps - Croda Rossa Group, Croda Rossa Glacier
Venetian Alps - Sella Group, Sella/Boé Glacier
Venetian Alps - Sass Long/Langkofel Group, Sass Long Glacier
Venetian Alps - Sass Long/Langkofel Group, Grohmann Glacier
Venetian Alps - Sass Long/Langkofel Group, Sass Platt Glacier
Venetian Alps - Marmolada Group, Marmolada Glacier
Venetian Alps - Marmolada Group, Vernel Glacier
Venetian Alps - Marmolada Group, Vernale Glacier
Venetian Alps - Marmolada Group, Val d'Ombert Glacier
Venetian Alps - Pale di San Martino Group, Travignolo Glacier
Venetian Alps - Pale di San Martino Group, Pala Glacier
Venetian Alps - Pale di San Martino Group, Marmor Glacier
Venetian Alps - Pale di San Martino Group, Fradusta Glacier
Venetian Alps - Pale di San Martino Group, Ziroccole Glacier
Venetian Alps - Pale di San Martino Group, Focobon Glacier
Venetian Alps - Civetta Group, Civetta Glacier
Venetian Alps - Civetta Group, Valle dei Cantoni/Giazzere Glacier
Venetian Alps - Pelmo Group, Pelmo Glacier
Venetian Alps - Pelmo Group, Val d'Arcia Glacier
Venetian Alps - Tofane Group, Western Tofana Glacier
Venetian Alps - Tofane Group, Southern Tofana Glacier
Venetian Alps - Tofane Group, Eastern Tofana Glacier
Venetian Alps - Fanes Group, Fanis Glacier
Venetian Alps - Antelao Group, Western Antelao Glacier
Venetian Alps - Antelao Group, Eastern Antelao Glacier
Venetian Alps - Marmarole Group, Meduce di Dentro Glacier
Venetian Alps - Marmarole Group, Meduce di Fuori Glacier
Venetian Alps - Marmarole Group, Dentro di Froppa Glacier
Venetian Alps - Marmarole Group, Fuori di Froppa Glacier
Venetian Alps - Marmarole Group, Selle Glacier
Venetian Alps - Sorapiss Group, Foppa di Mattia Glacier
Venetian Alps - Sorapiss Group, Western Sorapiss Glacier
Venetian Alps - Sorapiss Group, Central Sorapiss Glacier
Venetian Alps - Sorapiss Group, Eastern Sorapiss Glacier
Venetian Alps - Cima Undici/Elfer Kofel Group, Hochbrunnen Glacier
Venetian Alps - Cima Undici/Elfer Kofel Group, High Popèra Glacier
Venetian Alps - Cima Undici/Elfer Kofel Group, Elfer Glacier
Venetian Alps - Cima Undici/Elfer Kofel Group, Low Popèra Glacier
Venetian Alps - Canin Group, Western Canin Glacier
Venetian Alps - Canin Group, Eastern Canin Glacier
Venetian Alps - Canin Group, Ursic Glacier
Venetian Alps - Montasio Group, Montasio Glacier
Apennines - Gran Sasso Group, M. Corno/Calderone Glacier